Date,Costs,Volume
13-Jul-22,26.69,"157,430,230.00"
12-Jul-22,26.63,"155,555,230.00"
11-Jul-22,26.61,"155,555,230.00"
8-Jul-22,26.92,"155,555,230.00"
7-Jul-22,26.8,"155,555,230.00"
6-Jul-22,26.58,"153,680,230.00"
5-Jul-22,26.72,"154,213,339.00"
4-Jul-22,26.66,"153,763,339.00"
1-Jul-22,26.36,"153,763,339.00"
30-Jun-22,27.09,"152,711,599.00"
29-Jun-22,27.63,"152,711,599.00"
28-Jun-22,27.86,"152,711,599.00"
27-Jun-22,27.62,"152,711,599.00"
24-Jun-22,27.09,"152,711,599.00"
23-Jun-22,26.89,"152,261,599.00"
22-Jun-22,26.81,"152,261,599.00"
21-Jun-22,26.87,"152,261,599.00"
20-Jun-22,26.5,"152,261,599.00"
17-Jun-22,26.66,"154,661,599.00"
16-Jun-22,27.14,"154,436,599.00"
15-Jun-22,27.18,"154,136,599.00"
14-Jun-22,27.54,"154,136,599.00"
10-Jun-22,28.55,"154,136,599.00"
9-Jun-22,28.92,"154,136,599.00"
8-Jun-22,29.33,"154,136,599.00"
7-Jun-22,29.23,"154,136,599.00"
6-Jun-22,29.68,"159,761,599.00"
3-Jun-22,29.81,"159,761,599.00"
2-Jun-22,29.55,"159,761,599.00"
1-Jun-22,29.79,"159,761,599.00"
31-May-22,29.7,"159,761,599.00"
30-May-22,30.01,"158,711,599.00"
27-May-22,29.58,"158,711,599.00"
26-May-22,29.26,"159,161,599.00"
25-May-22,29.46,"159,161,599.00"
24-May-22,29.35,"159,161,599.00"
23-May-22,29.43,"159,161,599.00"
20-May-22,29.42,"159,161,599.00"
19-May-22,29.09,"159,161,599.00"
18-May-22,29.54,"159,161,599.00"
17-May-22,29.25,"159,161,599.00"
16-May-22,29.17,"159,161,599.00"
13-May-22,29.08,"152,111,599.00"
12-May-22,28.53,"152,111,599.00"
11-May-22,29.04,"152,111,599.00"
10-May-22,28.95,"150,461,599.00"
9-May-22,29.24,"151,136,599.00"
6-May-22,29.56,"144,911,599.00"
5-May-22,30.21,"144,911,599.00"
4-May-22,29.96,"144,911,599.00"
3-May-22,30.01,"144,911,599.00"
2-May-22,30.14,"144,911,599.00"
29-Apr-22,30.5,"144,911,599.00"
28-Apr-22,30.18,"144,911,599.00"
27-Apr-22,29.78,"144,911,599.00"
26-Apr-22,30.02,"144,911,599.00"
22-Apr-22,30.65,"144,911,599.00"
21-Apr-22,31.14,"144,911,599.00"
20-Apr-22,31.05,"153,461,599.00"
19-Apr-22,31.03,"153,461,599.00"
14-Apr-22,30.86,"153,461,599.00"
13-Apr-22,30.68,"152,861,599.00"
12-Apr-22,30.57,"152,861,599.00"
11-Apr-22,30.7,"152,923,606.00"
8-Apr-22,30.67,"152,923,606.00"
7-Apr-22,30.53,"152,923,606.00"
6-Apr-22,31.1,"150,675,919.00"
5-Apr-22,31.25,"150,225,919.00"
4-Apr-22,31.2,"150,000,919.00"
1-Apr-22,31.11,"150,000,919.00"
31-Mar-22,31.14,"150,000,919.00"
30-Mar-22,31.2,"149,700,919.00"
29-Mar-22,30.99,"149,700,919.00"
28-Mar-22,30.77,"149,700,919.00"
25-Mar-22,30.74,"149,700,919.00"
24-Mar-22,30.66,"149,700,919.00"
23-Mar-22,30.63,"149,700,919.00"
22-Mar-22,30.47,"149,700,919.00"
21-Mar-22,30.21,"149,700,919.00"
18-Mar-22,30.28,"149,700,919.00"
17-Mar-22,30.09,"151,125,919.00"
16-Mar-22,29.78,"151,125,919.00"
15-Mar-22,29.46,"151,125,919.00"
14-Mar-22,29.67,"155,325,919.00"
11-Mar-22,29.31,"155,325,919.00"
10-Mar-22,29.59,"160,200,919.00"
9-Mar-22,29.23,"160,200,919.00"
8-Mar-22,28.92,"159,000,919.00"
7-Mar-22,29.16,"159,000,919.00"
4-Mar-22,29.44,"156,600,919.00"
3-Mar-22,29.6,"156,600,919.00"
2-Mar-22,29.44,"156,450,919.00"
1-Mar-22,29.34,"154,425,919.00"
28-Feb-22,29.14,"154,200,919.00"
25-Feb-22,28.9,"154,200,919.00"
24-Feb-22,28.86,"154,200,919.00"
23-Feb-22,29.57,"154,200,919.00"
22-Feb-22,29.38,"154,725,919.00"
21-Feb-22,29.67,"154,725,919.00"
18-Feb-22,29.61,"154,725,919.00"
17-Feb-22,29.91,"154,725,919.00"
16-Feb-22,29.86,"153,600,919.00"
15-Feb-22,29.5,"153,600,919.00"
14-Feb-22,29.65,"153,375,919.00"
11-Feb-22,29.53,"153,375,919.00"
10-Feb-22,29.82,"156,825,919.00"
9-Feb-22,29.74,"155,850,919.00"
8-Feb-22,29.41,"150,900,919.00"
7-Feb-22,29.1,"150,900,919.00"
4-Feb-22,29.13,"149,625,919.00"
3-Feb-22,28.96,"149,625,919.00"
2-Feb-22,29,"150,225,919.00"
1-Feb-22,28.67,"150,225,919.00"
31-Jan-22,28.53,"148,350,919.00"
28-Jan-22,28.6,"144,900,919.00"
27-Jan-22,27.98,"144,900,919.00"
25-Jan-22,28.49,"144,900,919.00"
24-Jan-22,29.22,"145,350,919.00"
21-Jan-22,29.36,"145,350,919.00"
20-Jan-22,30.05,"145,350,919.00"
19-Jan-22,30.01,"145,350,919.00"
18-Jan-22,30.32,"145,350,919.00"
17-Jan-22,30.35,"145,350,919.00"
14-Jan-22,30.26,"145,350,919.00"
13-Jan-22,30.59,"145,350,919.00"
12-Jan-22,30.44,"145,350,919.00"
11-Jan-22,30.24,"145,350,919.00"
10-Jan-22,30.48,"145,387,287.00"
7-Jan-22,30.5,"145,387,287.00"
6-Jan-22,30.11,"163,462,287.00"
5-Jan-22,31.11,"163,282,404.00"
4-Jan-22,31.21,"162,232,404.00"
31-Dec-21,30.61,"162,232,404.00"
30-Dec-21,30.89,"162,232,404.00"
29-Dec-21,30.84,"162,007,404.00"
24-Dec-21,30.48,"162,007,404.00"
23-Dec-21,30.34,"162,007,404.00"
22-Dec-21,30.25,"162,007,404.00"
21-Dec-21,30.21,"162,007,404.00"
20-Dec-21,29.95,"162,007,404.00"
17-Dec-21,30,"162,007,404.00"
16-Dec-21,29.96,"162,007,404.00"
15-Dec-21,30.09,"162,007,404.00"
14-Dec-21,30.31,"162,007,404.00"
13-Dec-21,30.32,"164,107,404.00"
10-Dec-21,30.2,"164,107,404.00"
9-Dec-21,30.33,"164,107,404.00"
8-Dec-21,30.42,"164,107,404.00"
7-Dec-21,30.04,"157,732,404.00"
6-Dec-21,29.76,"151,732,404.00"
3-Dec-21,29.74,"151,732,404.00"
2-Dec-21,29.67,"153,982,404.00"
1-Dec-21,29.72,"153,982,404.00"
30-Nov-21,29.79,"153,607,404.00"
29-Nov-21,29.73,"152,707,404.00"
26-Nov-21,29.89,"152,407,404.00"
25-Nov-21,30.42,"152,407,404.00"
24-Nov-21,30.38,"151,657,404.00"
23-Nov-21,30.43,"150,457,404.00"
22-Nov-21,30.19,"150,457,404.00"
19-Nov-21,30.37,"149,707,404.00"
18-Nov-21,30.3,"149,707,404.00"
17-Nov-21,30.26,"149,707,404.00"
16-Nov-21,30.46,"149,707,404.00"
15-Nov-21,30.67,"149,707,404.00"
12-Nov-21,30.52,"149,707,404.00"
11-Nov-21,30.27,"149,707,404.00"
10-Nov-21,30.44,"149,707,404.00"
9-Nov-21,30.49,"149,707,404.00"
8-Nov-21,30.56,"149,707,404.00"
5-Nov-21,30.54,"147,157,404.00"
4-Nov-21,30.39,"147,157,404.00"
3-Nov-21,30.24,"145,582,404.00"
2-Nov-21,29.96,"145,582,404.00"
1-Nov-21,30.15,"145,582,404.00"
29-Oct-21,29.96,"144,307,404.00"
28-Oct-21,30.4,"144,307,404.00"
27-Oct-21,30.47,"144,157,404.00"
26-Oct-21,30.45,"144,157,404.00"
25-Oct-21,30.44,"144,157,404.00"
22-Oct-21,30.33,"144,157,404.00"
21-Oct-21,30.33,"144,157,404.00"
20-Oct-21,30.32,"144,157,404.00"
19-Oct-21,30.17,"144,157,404.00"
18-Oct-21,30.19,"144,157,404.00"
15-Oct-21,30.11,"144,157,404.00"
14-Oct-21,29.91,"144,157,404.00"
13-Oct-21,29.75,"143,557,404.00"
12-Oct-21,29.78,"141,887,798.00"
11-Oct-21,29.86,"141,887,798.00"
8-Oct-21,29.94,"141,212,798.00"
7-Oct-21,30.16,"140,673,588.00"
6-Oct-21,29.95,"140,073,588.00"
5-Oct-21,30.12,"140,073,588.00"
4-Oct-21,30.25,"140,073,588.00"
1-Oct-21,29.86,"139,323,588.00"
30-Sep-21,30.47,"139,323,588.00"
29-Sep-21,29.91,"139,323,588.00"
28-Sep-21,30.24,"139,323,588.00"
27-Sep-21,30.69,"139,323,588.00"
24-Sep-21,30.51,"139,323,588.00"
23-Sep-21,30.62,"139,323,588.00"
22-Sep-21,30.32,"139,323,588.00"
21-Sep-21,30.22,"139,323,588.00"
20-Sep-21,30.12,"139,323,588.00"
17-Sep-21,30.76,"139,323,588.00"
16-Sep-21,31,"139,323,588.00"
15-Sep-21,30.82,"139,323,588.00"
14-Sep-21,30.9,"139,323,588.00"
13-Sep-21,30.85,"139,323,588.00"
10-Sep-21,30.77,"149,073,588.00"
9-Sep-21,30.62,"142,398,588.00"
8-Sep-21,31.2,"141,573,588.00"
7-Sep-21,31.27,"136,773,588.00"
6-Sep-21,31.25,"129,123,588.00"
3-Sep-21,31.17,"129,123,588.00"
2-Sep-21,31.01,"129,123,588.00"
1-Sep-21,31.04,"129,123,588.00"
31-Aug-21,31.05,"128,898,588.00"
30-Aug-21,30.93,"128,898,588.00"
27-Aug-21,30.85,"127,398,588.00"
26-Aug-21,30.86,"127,848,588.00"
25-Aug-21,31.01,"126,873,588.00"
24-Aug-21,30.87,"126,873,588.00"
23-Aug-21,30.82,"126,873,588.00"
20-Aug-21,30.69,"126,873,588.00"
19-Aug-21,30.7,"126,048,588.00"
18-Aug-21,30.85,"126,048,588.00"
17-Aug-21,30.88,"127,098,588.00"
16-Aug-21,31.11,"126,648,588.00"
13-Aug-21,31.3,"126,648,588.00"
12-Aug-21,31.12,"126,648,588.00"
11-Aug-21,31.08,"126,648,588.00"
10-Aug-21,30.99,"126,648,588.00"
9-Aug-21,30.89,"126,648,588.00"
6-Aug-21,30.89,"126,648,588.00"
5-Aug-21,30.78,"126,648,588.00"
4-Aug-21,30.75,"126,648,588.00"
3-Aug-21,30.63,"129,048,588.00"
2-Aug-21,30.7,"129,048,588.00"
30-Jul-21,30.3,"129,048,588.00"
29-Jul-21,30.4,"129,048,588.00"
28-Jul-21,30.24,"129,048,588.00"
27-Jul-21,30.45,"129,048,588.00"
26-Jul-21,30.3,"129,048,588.00"
23-Jul-21,30.3,"129,048,588.00"
22-Jul-21,30.27,"129,048,588.00"
21-Jul-21,29.95,"129,048,588.00"
20-Jul-21,29.72,"129,048,588.00"
19-Jul-21,29.86,"129,048,588.00"
16-Jul-21,30.11,"129,048,588.00"
15-Jul-21,30.06,"129,048,588.00"
14-Jul-21,30.14,"129,048,588.00"
13-Jul-21,30.05,"129,048,588.00"
12-Jul-21,30.05,"129,048,588.00"
9-Jul-21,29.81,"127,998,588.00"
8-Jul-21,30.09,"127,998,588.00"
7-Jul-21,30.03,"127,998,588.00"
6-Jul-21,29.76,"127,998,588.00"
5-Jul-21,29.98,"128,023,725.00"
2-Jul-21,29.95,"128,023,725.00"
1-Jul-21,29.77,"127,273,725.00"
30-Jun-21,30.17,"126,963,666.00"
29-Jun-21,30.12,"126,963,666.00"
28-Jun-21,30.11,"126,663,666.00"
25-Jun-21,30.11,"126,663,666.00"
24-Jun-21,29.97,"126,663,666.00"
23-Jun-21,30.07,"126,663,666.00"
22-Jun-21,30.25,"126,663,666.00"
21-Jun-21,29.81,"126,663,666.00"
18-Jun-21,30.36,"126,663,666.00"
17-Jun-21,30.32,"132,738,666.00"
16-Jun-21,30.43,"132,738,666.00"
15-Jun-21,30.4,"132,738,666.00"
11-Jun-21,30.13,"132,738,666.00"
10-Jun-21,30.09,"132,588,666.00"
9-Jun-21,29.95,"132,588,666.00"
8-Jun-21,30.05,"132,588,666.00"
7-Jun-21,30,"132,588,666.00"
4-Jun-21,30.06,"135,588,666.00"
3-Jun-21,29.91,"138,813,666.00"
2-Jun-21,29.74,"138,813,666.00"
1-Jun-21,29.43,"138,813,666.00"
31-May-21,29.51,"138,813,666.00"
28-May-21,29.58,"138,813,666.00"
27-May-21,29.23,"138,813,666.00"
26-May-21,29.22,"138,813,666.00"
25-May-21,29.31,"138,813,666.00"
24-May-21,29.03,"138,813,666.00"
21-May-21,28.96,"138,813,666.00"
20-May-21,28.92,"137,763,666.00"
19-May-21,28.55,"137,763,666.00"
18-May-21,29.11,"137,763,666.00"
17-May-21,28.93,"137,763,666.00"
14-May-21,28.88,"137,763,666.00"
13-May-21,28.75,"137,763,666.00"
12-May-21,28.94,"137,763,666.00"
11-May-21,29.16,"137,763,666.00"
10-May-21,29.47,"142,263,666.00"
7-May-21,29.06,"149,088,666.00"
6-May-21,28.98,"154,863,666.00"
5-May-21,29.12,"154,863,666.00"
4-May-21,29.01,"154,863,666.00"
3-May-21,28.85,"154,038,666.00"
30-Apr-21,28.83,"153,138,666.00"
29-Apr-21,29.07,"153,138,666.00"
28-Apr-21,28.99,"153,138,666.00"
27-Apr-21,28.87,"153,138,666.00"
26-Apr-21,28.92,"153,138,666.00"
23-Apr-21,28.98,"151,188,666.00"
22-Apr-21,28.96,"151,188,666.00"
21-Apr-21,28.72,"151,938,666.00"
20-Apr-21,28.8,"151,938,666.00"
19-Apr-21,29,"151,938,666.00"
16-Apr-21,28.99,"151,938,666.00"
15-Apr-21,28.97,"151,938,666.00"
14-Apr-21,28.82,"151,938,666.00"
13-Apr-21,28.63,"150,963,666.00"
12-Apr-21,28.62,"150,963,666.00"
9-Apr-21,28.71,"151,020,315.00"
8-Apr-21,28.72,"151,020,315.00"
7-Apr-21,28.43,"151,020,315.00"
6-Apr-21,28.51,"150,072,036.00"
1-Apr-21,28.27,"150,072,036.00"
31-Mar-21,28.11,"150,072,036.00"
30-Mar-21,27.9,"150,072,036.00"
29-Mar-21,28.14,"149,322,036.00"
26-Mar-21,28.25,"148,947,036.00"
25-Mar-21,28.11,"148,947,036.00"
24-Mar-21,28.06,"148,947,036.00"
23-Mar-21,27.92,"148,947,036.00"
22-Mar-21,27.95,"148,947,036.00"
19-Mar-21,27.76,"148,947,036.00"
18-Mar-21,27.92,"148,947,036.00"
17-Mar-21,28.12,"148,947,036.00"
16-Mar-21,28.26,"148,947,036.00"
15-Mar-21,28.03,"148,947,036.00"
12-Mar-21,28,"148,947,036.00"
11-Mar-21,27.79,"147,747,036.00"
10-Mar-21,27.78,"147,747,036.00"
9-Mar-21,28.02,"147,747,036.00"
8-Mar-21,27.88,"147,747,036.00"
5-Mar-21,27.76,"144,747,036.00"
4-Mar-21,27.96,"142,272,036.00"
3-Mar-21,28.1,"142,272,036.00"
2-Mar-21,27.86,"142,272,036.00"
1-Mar-21,27.97,"141,597,036.00"
26-Feb-21,27.45,"141,597,036.00"
25-Feb-21,28.1,"141,597,036.00"
24-Feb-21,27.85,"141,597,036.00"
23-Feb-21,28.09,"141,597,036.00"
22-Feb-21,27.83,"141,147,036.00"
19-Feb-21,27.88,"141,147,036.00"
18-Feb-21,28.26,"141,147,036.00"
17-Feb-21,28.25,"141,147,036.00"
16-Feb-21,28.38,"141,147,036.00"
15-Feb-21,28.13,"141,147,036.00"
12-Feb-21,27.87,"141,147,036.00"
11-Feb-21,28.05,"141,147,036.00"
10-Feb-21,28.07,"141,147,036.00"
9-Feb-21,27.93,"141,147,036.00"
8-Feb-21,28.17,"141,147,036.00"
5-Feb-21,28.01,"140,847,036.00"
4-Feb-21,27.7,"140,847,036.00"
3-Feb-21,27.94,"138,747,036.00"
2-Feb-21,27.69,"138,747,036.00"
1-Feb-21,27.28,"138,747,036.00"
29-Jan-21,27.05,"138,747,036.00"
28-Jan-21,27.23,"138,747,036.00"
27-Jan-21,27.76,"138,747,036.00"
25-Jan-21,27.94,"138,747,036.00"
22-Jan-21,27.84,"138,747,036.00"
21-Jan-21,27.94,"138,747,036.00"
20-Jan-21,27.72,"138,747,036.00"
19-Jan-21,27.61,"138,747,036.00"
18-Jan-21,27.28,"138,747,036.00"
15-Jan-21,27.5,"138,747,036.00"
14-Jan-21,27.5,"138,747,036.00"
13-Jan-21,27.38,"138,747,036.00"
12-Jan-21,27.35,"138,747,036.00"
11-Jan-21,27.42,"138,747,036.00"
8-Jan-21,27.67,"136,553,189.00"
7-Jan-21,27.48,"136,328,189.00"
6-Jan-21,27.05,"136,328,189.00"
5-Jan-21,27.44,"135,743,008.00"
4-Jan-21,27.45,"135,743,008.00"
31-Dec-20,27.05,"135,368,008.00"
30-Dec-20,27.44,"135,368,008.00"
29-Dec-20,27.48,"135,368,008.00"
24-Dec-20,27.34,"135,368,008.00"
23-Dec-20,27.25,"134,993,008.00"
22-Dec-20,27.07,"134,243,008.00"
21-Dec-20,27.36,"134,243,008.00"
18-Dec-20,27.38,"134,243,008.00"
17-Dec-20,27.71,"134,243,008.00"
16-Dec-20,27.4,"134,243,008.00"
15-Dec-20,27.2,"134,618,008.00"
14-Dec-20,27.32,"135,143,008.00"
11-Dec-20,27.24,"135,143,008.00"
10-Dec-20,27.41,"135,143,008.00"
9-Dec-20,27.6,"135,143,008.00"
8-Dec-20,27.43,"134,543,008.00"
7-Dec-20,27.38,"133,418,008.00"
4-Dec-20,27.21,"133,418,008.00"
3-Dec-20,27.13,"138,218,008.00"
2-Dec-20,27.03,"137,843,008.00"
1-Dec-20,27.02,"137,843,008.00"
30-Nov-20,26.73,"137,093,008.00"
27-Nov-20,27.07,"136,343,008.00"
26-Nov-20,27.22,"135,743,008.00"
25-Nov-20,27.41,"135,518,008.00"
24-Nov-20,27.25,"135,518,008.00"
23-Nov-20,26.91,"133,418,008.00"
20-Nov-20,26.82,"133,418,008.00"
19-Nov-20,26.85,"130,718,008.00"
18-Nov-20,26.78,"131,468,008.00"
17-Nov-20,26.65,"128,768,008.00"
16-Nov-20,26.59,"128,768,008.00"
13-Nov-20,26.26,"128,768,008.00"
12-Nov-20,26.31,"128,768,008.00"
11-Nov-20,26.43,"128,768,008.00"
10-Nov-20,25.96,"133,718,008.00"
9-Nov-20,25.79,"133,718,008.00"
6-Nov-20,25.33,"133,493,008.00"
5-Nov-20,25.12,"133,493,008.00"
4-Nov-20,24.81,"133,493,008.00"
3-Nov-20,24.82,"133,493,008.00"
2-Nov-20,24.35,"133,493,008.00"
30-Oct-20,24.26,"132,968,008.00"
29-Oct-20,24.39,"132,968,008.00"
28-Oct-20,24.79,"134,918,008.00"
27-Oct-20,24.76,"134,918,008.00"
26-Oct-20,25.19,"134,918,008.00"
23-Oct-20,25.24,"134,918,008.00"
22-Oct-20,25.26,"134,918,008.00"
21-Oct-20,25.34,"134,918,008.00"
20-Oct-20,25.31,"134,393,008.00"
19-Oct-20,25.49,"134,393,008.00"
16-Oct-20,25.28,"134,393,008.00"
15-Oct-20,25.41,"134,393,008.00"
14-Oct-20,25.29,"134,393,008.00"
13-Oct-20,25.35,"134,515,925.00"
12-Oct-20,25.09,"127,015,925.00"
9-Oct-20,24.97,"127,015,925.00"
8-Oct-20,25.15,"126,756,344.00"
7-Oct-20,24.88,"126,456,344.00"
6-Oct-20,24.57,"123,606,344.00"
5-Oct-20,24.49,"121,056,344.00"
2-Oct-20,23.87,"120,381,344.00"
1-Oct-20,24.21,"120,381,344.00"
30-Sep-20,23.97,"120,381,344.00"
29-Sep-20,24.53,"120,381,344.00"
28-Sep-20,24.53,"120,381,344.00"
25-Sep-20,24.58,"119,856,344.00"
24-Sep-20,24.22,"119,181,344.00"
23-Sep-20,24.41,"119,181,344.00"
22-Sep-20,23.84,"119,181,344.00"
21-Sep-20,24,"93,681,344.00"
18-Sep-20,24.17,"93,681,344.00"
17-Sep-20,24.24,"93,681,344.00"
16-Sep-20,24.54,"93,681,344.00"
15-Sep-20,24.29,"93,381,344.00"
14-Sep-20,24.31,"93,231,344.00"
11-Sep-20,24.14,"92,256,344.00"
10-Sep-20,24.34,"92,256,344.00"
9-Sep-20,24.21,"92,256,344.00"
8-Sep-20,24.74,"86,406,344.00"
7-Sep-20,24.47,"85,656,344.00"
4-Sep-20,24.39,"85,656,344.00"
3-Sep-20,25.16,"85,656,344.00"
2-Sep-20,24.92,"85,656,344.00"
1-Sep-20,24.46,"85,656,344.00"
31-Aug-20,24.89,"85,656,344.00"
28-Aug-20,24.91,"85,656,344.00"
27-Aug-20,25.13,"85,656,344.00"
26-Aug-20,25.08,"85,656,344.00"
25-Aug-20,25.24,"84,681,344.00"
24-Aug-20,25.1,"84,681,344.00"
21-Aug-20,25,"84,681,344.00"
20-Aug-20,25.03,"84,681,344.00"
19-Aug-20,25.23,"84,681,344.00"
18-Aug-20,25.02,"84,381,344.00"
17-Aug-20,24.83,"84,381,344.00"
14-Aug-20,25.02,"84,381,344.00"
13-Aug-20,24.88,"84,381,344.00"
12-Aug-20,25.05,"85,431,344.00"
11-Aug-20,25.07,"85,431,344.00"
10-Aug-20,24.96,"85,206,344.00"
7-Aug-20,24.53,"85,206,344.00"
6-Aug-20,24.68,"85,206,344.00"
5-Aug-20,24.5,"85,206,344.00"
4-Aug-20,24.65,"84,531,344.00"
3-Aug-20,24.2,"84,531,344.00"
31-Jul-20,24.2,"84,531,344.00"
30-Jul-20,24.71,"84,531,344.00"
29-Jul-20,24.52,"84,531,344.00"
28-Jul-20,24.58,"84,531,344.00"
27-Jul-20,24.68,"85,506,344.00"
24-Jul-20,24.6,"85,506,344.00"
23-Jul-20,24.88,"85,506,344.00"
22-Jul-20,24.8,"85,506,344.00"
21-Jul-20,25.14,"85,506,344.00"
20-Jul-20,24.5,"85,506,344.00"
17-Jul-20,24.63,"85,506,344.00"
16-Jul-20,24.54,"85,281,344.00"
15-Jul-20,24.71,"85,281,344.00"
14-Jul-20,24.26,"85,056,344.00"
13-Jul-20,24.41,"85,056,344.00"
10-Jul-20,24.17,"85,056,344.00"
9-Jul-20,24.32,"86,406,344.00"
8-Jul-20,24.17,"86,406,344.00"
7-Jul-20,24.55,"91,056,344.00"
6-Jul-20,24.56,"91,056,344.00"
3-Jul-20,24.73,"91,041,282.00"
2-Jul-20,24.63,"91,041,282.00"
1-Jul-20,24.23,"91,041,282.00"
30-Jun-20,24.17,"91,010,151.00"
29-Jun-20,23.83,"91,010,151.00"
26-Jun-20,24.16,"91,010,151.00"
25-Jun-20,23.81,"91,010,151.00"
24-Jun-20,24.42,"91,010,151.00"
23-Jun-20,24.37,"91,010,151.00"
22-Jun-20,24.33,"91,010,151.00"
19-Jun-20,24.32,"91,010,151.00"
18-Jun-20,24.3,"93,560,151.00"
17-Jun-20,24.53,"93,560,151.00"
16-Jun-20,24.32,"92,735,151.00"
15-Jun-20,23.41,"92,735,151.00"
12-Jun-20,23.94,"90,710,151.00"
11-Jun-20,24.4,"90,710,151.00"
10-Jun-20,25.17,"90,710,151.00"
9-Jun-20,25.15,"90,410,151.00"
5-Jun-20,24.55,"89,735,151.00"
4-Jun-20,24.53,"89,735,151.00"
3-Jun-20,24.32,"89,735,151.00"
2-Jun-20,23.89,"89,735,151.00"
1-Jun-20,23.82,"89,735,151.00"
29-May-20,23.56,"89,735,151.00"
28-May-20,23.95,"89,060,151.00"
27-May-20,23.64,"89,060,151.00"
26-May-20,23.66,"89,060,151.00"
25-May-20,22.98,"89,060,151.00"
22-May-20,22.5,"89,060,151.00"
21-May-20,22.72,"89,060,151.00"
20-May-20,22.81,"89,060,151.00"
19-May-20,22.75,"88,835,151.00"
18-May-20,22.35,"88,835,151.00"
15-May-20,22.11,"88,835,151.00"
14-May-20,21.8,"88,835,151.00"
13-May-20,22.18,"88,835,151.00"
12-May-20,22.1,"88,160,151.00"
11-May-20,22.34,"83,135,151.00"
8-May-20,22.06,"83,135,151.00"
7-May-20,21.95,"84,185,151.00"
6-May-20,22.03,"84,110,151.00"
5-May-20,22.12,"84,110,151.00"
4-May-20,21.76,"84,035,151.00"
1-May-20,21.46,"83,435,151.00"
30-Apr-20,22.58,"83,060,151.00"
29-Apr-20,22.05,"82,910,151.00"
28-Apr-20,21.72,"82,910,151.00"
27-Apr-20,21.75,"82,910,151.00"
24-Apr-20,21.43,"82,760,151.00"
23-Apr-20,21.33,"82,760,151.00"
22-Apr-20,21.35,"82,460,151.00"
21-Apr-20,21.35,"81,710,151.00"
20-Apr-20,21.89,"81,710,151.00"
17-Apr-20,22.44,"81,635,151.00"
16-Apr-20,22.14,"81,635,151.00"
15-Apr-20,22.35,"81,635,151.00"
14-Apr-20,22.44,"81,635,151.00"
9-Apr-20,22.03,"81,248,265.00"
8-Apr-20,21.29,"77,198,265.00"
7-Apr-20,21.47,"76,448,265.00"
6-Apr-20,21.8,"76,388,921.00"
3-Apr-20,20.9,"75,413,921.00"
2-Apr-20,21.26,"75,413,921.00"
1-Apr-20,21.69,"75,413,921.00"
31-Mar-20,20.94,"75,413,921.00"
30-Mar-20,21.38,"75,113,921.00"
27-Mar-20,19.98,"75,038,921.00"
26-Mar-20,21.09,"75,038,921.00"
25-Mar-20,20.62,"74,963,921.00"
24-Mar-20,19.53,"74,888,921.00"
23-Mar-20,18.75,"74,813,921.00"
20-Mar-20,19.86,"74,138,921.00"
19-Mar-20,19.73,"73,913,921.00"
18-Mar-20,20.42,"73,613,921.00"
17-Mar-20,21.83,"72,938,921.00"
16-Mar-20,20.63,"73,688,921.00"
13-Mar-20,22.84,"73,463,921.00"
12-Mar-20,21.87,"77,363,921.00"
11-Mar-20,23.6,"77,813,921.00"
10-Mar-20,24.47,"82,838,921.00"
9-Mar-20,23.72,"82,838,921.00"
6-Mar-20,25.6,"83,588,921.00"
5-Mar-20,26.33,"78,488,921.00"
4-Mar-20,25.96,"78,488,921.00"
3-Mar-20,26.4,"78,488,921.00"
2-Mar-20,26.21,"78,713,921.00"
28-Feb-20,26.38,"78,713,921.00"
27-Feb-20,27.27,"78,713,921.00"
26-Feb-20,27.46,"77,288,921.00"
25-Feb-20,28.09,"76,463,921.00"
24-Feb-20,28.54,"76,463,921.00"
21-Feb-20,29.16,"77,138,921.00"
20-Feb-20,29.25,"77,138,921.00"
19-Feb-20,29.18,"77,138,921.00"
18-Feb-20,28.99,"77,138,921.00"
17-Feb-20,29.03,"77,138,921.00"
14-Feb-20,29.05,"76,463,921.00"
13-Feb-20,28.94,"76,463,921.00"
12-Feb-20,28.87,"76,463,921.00"
11-Feb-20,28.74,"76,463,921.00"
10-Feb-20,28.56,"75,788,921.00"
7-Feb-20,28.61,"75,488,921.00"
6-Feb-20,28.71,"75,488,921.00"
5-Feb-20,28.42,"76,463,921.00"
4-Feb-20,28.3,"75,488,921.00"
3-Feb-20,28.2,"75,038,921.00"
31-Jan-20,28.58,"75,038,921.00"
30-Jan-20,28.55,"75,038,921.00"
29-Jan-20,28.64,"74,888,921.00"
28-Jan-20,28.49,"74,888,921.00"
24-Jan-20,28.88,"74,138,921.00"
23-Jan-20,28.87,"74,138,921.00"
22-Jan-20,29.05,"72,638,921.00"
21-Jan-20,28.78,"72,638,921.00"
20-Jan-20,28.84,"74,063,921.00"
17-Jan-20,28.78,"74,063,921.00"
16-Jan-20,28.68,"73,313,921.00"
15-Jan-20,28.49,"71,888,921.00"
14-Jan-20,28.36,"71,513,921.00"
13-Jan-20,28.12,"67,988,921.00"
10-Jan-20,28.23,"67,988,921.00"
9-Jan-20,28,"68,963,921.00"
8-Jan-20,27.77,"68,990,712.00"
7-Jan-20,27.81,"69,965,712.00"
6-Jan-20,27.44,"69,965,712.00"
3-Jan-20,27.62,"69,898,914.00"
2-Jan-20,27.44,"69,073,914.00"
31-Dec-19,27.41,"69,073,914.00"
30-Dec-19,27.91,"69,073,914.00"
27-Dec-19,27.92,"68,623,914.00"
24-Dec-19,27.81,"68,473,914.00"
23-Dec-19,27.78,"68,473,914.00"
20-Dec-19,27.9,"68,473,914.00"
19-Dec-19,27.97,"68,473,914.00"
18-Dec-19,28.05,"68,473,914.00"
17-Dec-19,28.03,"67,723,914.00"
16-Dec-19,28.04,"67,723,914.00"
13-Dec-19,27.59,"67,723,914.00"
12-Dec-19,27.46,"66,748,914.00"
11-Dec-19,27.64,"66,748,914.00"
10-Dec-19,27.46,"65,848,914.00"
9-Dec-19,27.55,"65,098,914.00"
6-Dec-19,27.46,"64,798,914.00"
5-Dec-19,27.36,"64,798,914.00"
4-Dec-19,27.04,"64,273,914.00"
3-Dec-19,27.48,"64,273,914.00"
2-Dec-19,28.09,"64,273,914.00"
29-Nov-19,28.02,"64,273,914.00"
28-Nov-19,28.1,"63,673,914.00"
27-Nov-19,28.04,"63,673,914.00"
26-Nov-19,27.78,"63,673,914.00"
25-Nov-19,27.55,"63,673,914.00"
22-Nov-19,27.46,"63,673,914.00"
21-Nov-19,27.31,"63,373,914.00"
20-Nov-19,27.51,"62,773,914.00"
19-Nov-19,27.89,"62,773,914.00"
18-Nov-19,27.69,"62,173,914.00"
15-Nov-19,27.8,"61,573,914.00"
14-Nov-19,27.56,"61,123,914.00"
13-Nov-19,27.37,"61,123,914.00"
12-Nov-19,27.6,"61,123,914.00"
11-Nov-19,27.63,"60,973,914.00"
8-Nov-19,27.39,"60,973,914.00"
7-Nov-19,27.4,"60,973,914.00"
6-Nov-19,27.13,"60,973,914.00"
5-Nov-19,27.27,"60,373,914.00"
4-Nov-19,27.23,"59,923,914.00"
1-Nov-19,27.16,"59,923,914.00"
31-Oct-19,27.14,"59,923,914.00"
30-Oct-19,27.24,"59,923,914.00"
29-Oct-19,27.47,"59,473,914.00"
28-Oct-19,27.45,"59,473,914.00"
25-Oct-19,27.45,"59,473,914.00"
24-Oct-19,27.26,"59,473,914.00"
23-Oct-19,27.18,"59,473,914.00"
22-Oct-19,27.17,"59,473,914.00"
21-Oct-19,27.09,"59,473,914.00"
18-Oct-19,27.08,"59,098,914.00"
17-Oct-19,27.22,"58,873,914.00"
16-Oct-19,27.44,"58,873,914.00"
15-Oct-19,27.09,"58,873,914.00"
14-Oct-19,27.05,"58,861,817.00"
11-Oct-19,26.91,"58,861,817.00"
10-Oct-19,26.66,"58,861,817.00"
9-Oct-19,27.03,"58,796,879.00"
8-Oct-19,27.22,"57,071,879.00"
7-Oct-19,27.1,"57,071,879.00"
4-Oct-19,26.91,"54,971,879.00"
3-Oct-19,26.81,"54,971,879.00"
2-Oct-19,27.41,"54,971,879.00"
1-Oct-19,27.84,"54,896,879.00"
30-Sep-19,27.61,"54,146,879.00"
27-Sep-19,27.73,"54,146,879.00"
26-Sep-19,27.57,"54,146,879.00"
25-Sep-19,27.7,"53,471,879.00"
24-Sep-19,27.86,"53,471,879.00"
23-Sep-19,27.86,"53,471,879.00"
20-Sep-19,27.78,"52,946,879.00"
19-Sep-19,27.73,"52,946,879.00"
18-Sep-19,27.58,"52,946,879.00"
17-Sep-19,27.63,"52,946,879.00"
16-Sep-19,27.54,"52,946,879.00"
13-Sep-19,27.52,"52,946,879.00"
12-Sep-19,27.46,"52,946,879.00"
11-Sep-19,27.39,"52,946,879.00"
10-Sep-19,27.28,"52,346,879.00"
9-Sep-19,27.41,"52,346,879.00"
6-Sep-19,27.4,"51,446,879.00"
5-Sep-19,27.26,"51,446,879.00"
4-Sep-19,26.95,"51,446,879.00"
3-Sep-19,27.03,"50,996,879.00"
2-Sep-19,27.03,"50,996,879.00"
30-Aug-19,27.12,"50,996,879.00"
29-Aug-19,26.7,"50,996,879.00"
28-Aug-19,26.67,"50,996,879.00"
27-Aug-19,26.53,"50,996,879.00"
26-Aug-19,26.4,"50,996,879.00"
23-Aug-19,26.72,"50,621,879.00"
22-Aug-19,26.63,"50,621,879.00"
21-Aug-19,26.55,"50,396,879.00"
20-Aug-19,26.79,"49,796,879.00"
19-Aug-19,26.47,"49,796,879.00"
16-Aug-19,26.21,"49,796,879.00"
15-Aug-19,26.22,"49,796,879.00"
14-Aug-19,26.98,"49,796,879.00"
13-Aug-19,26.79,"49,796,879.00"
12-Aug-19,26.88,"49,796,879.00"
9-Aug-19,26.86,"49,196,879.00"
8-Aug-19,26.79,"49,196,879.00"
7-Aug-19,26.58,"49,196,879.00"
6-Aug-19,26.41,"48,671,879.00"
5-Aug-19,27.07,"48,671,879.00"
2-Aug-19,27.6,"48,671,879.00"
1-Aug-19,27.68,"48,671,879.00"
31-Jul-19,27.77,"48,671,879.00"
30-Jul-19,27.91,"48,671,879.00"
29-Jul-19,27.83,"48,671,879.00"
26-Jul-19,27.7,"48,671,879.00"
25-Jul-19,27.8,"48,671,879.00"
24-Jul-19,27.63,"48,146,879.00"
23-Jul-19,27.42,"48,146,879.00"
22-Jul-19,27.28,"48,146,879.00"
19-Jul-19,27.32,"48,146,879.00"
18-Jul-19,27.11,"48,146,879.00"
17-Jul-19,27.21,"48,146,879.00"
16-Jul-19,27.08,"48,146,879.00"
15-Jul-19,27.13,"48,146,879.00"
12-Jul-19,27.3,"47,246,879.00"
11-Jul-19,27.38,"47,246,879.00"
10-Jul-19,27.28,"47,246,879.00"
9-Jul-19,27.18,"47,246,879.00"
8-Jul-19,27.2,"47,246,879.00"
5-Jul-19,27.53,"47,246,879.00"
4-Jul-19,27.39,"47,246,879.00"
3-Jul-19,27.26,"47,226,738.00"
2-Jul-19,27.13,"47,226,738.00"
1-Jul-19,27.1,"47,226,738.00"
28-Jun-19,27.34,"47,172,732.00"
27-Jun-19,27.54,"47,172,732.00"
26-Jun-19,27.38,"47,172,732.00"
25-Jun-19,27.45,"47,172,732.00"
24-Jun-19,27.48,"47,172,732.00"
21-Jun-19,27.42,"47,172,732.00"
20-Jun-19,27.57,"47,172,732.00"
19-Jun-19,27.41,"46,647,732.00"
18-Jun-19,27.09,"46,647,732.00"
17-Jun-19,26.93,"46,647,732.00"
14-Jun-19,27.02,"46,647,732.00"
13-Jun-19,26.97,"46,647,732.00"
12-Jun-19,26.98,"46,647,732.00"
11-Jun-19,26.99,"46,647,732.00"
7-Jun-19,26.57,"46,647,732.00"
6-Jun-19,26.32,"46,647,732.00"
5-Jun-19,26.22,"46,647,732.00"
4-Jun-19,26.11,"46,647,732.00"
3-Jun-19,26.06,"46,647,732.00"
31-May-19,26.37,"46,647,732.00"
30-May-19,26.35,"46,647,732.00"
29-May-19,26.55,"46,647,732.00"
28-May-19,26.73,"46,647,732.00"
27-May-19,26.59,"46,647,732.00"
24-May-19,26.61,"46,647,732.00"
23-May-19,26.76,"46,647,732.00"
22-May-19,26.83,"46,647,732.00"
21-May-19,26.79,"46,647,732.00"
20-May-19,26.69,"46,647,732.00"
17-May-19,26.24,"46,647,732.00"
16-May-19,26.08,"46,647,732.00"
15-May-19,25.85,"46,647,732.00"
14-May-19,25.67,"46,647,732.00"
13-May-19,25.87,"46,647,732.00"
10-May-19,25.87,"46,647,732.00"
9-May-19,25.81,"46,647,732.00"
8-May-19,25.7,"46,647,732.00"
7-May-19,25.81,"46,647,732.00"
6-May-19,25.76,"46,647,732.00"
3-May-19,25.98,"46,647,732.00"
2-May-19,25.99,"46,647,732.00"
1-May-19,26.14,"46,647,732.00"
30-Apr-19,25.93,"46,347,732.00"
29-Apr-19,26.07,"46,347,732.00"
26-Apr-19,26.18,"46,347,732.00"
24-Apr-19,26.16,"45,747,732.00"
23-Apr-19,25.9,"45,747,732.00"
18-Apr-19,25.66,"45,747,732.00"
17-Apr-19,25.65,"45,747,732.00"
16-Apr-19,25.73,"45,747,732.00"
15-Apr-19,25.63,"45,747,732.00"
12-Apr-19,25.63,"45,747,732.00"
11-Apr-19,25.41,"45,747,732.00"
10-Apr-19,25.51,"45,747,732.00"
9-Apr-19,25.5,"45,522,732.00"
8-Apr-19,25.5,"45,527,418.00"
5-Apr-19,25.34,"45,527,418.00"
4-Apr-19,25.86,"44,881,030.00"
3-Apr-19,26.08,"44,506,030.00"
2-Apr-19,25.9,"44,506,030.00"
1-Apr-19,25.8,"44,506,030.00"
29-Mar-19,25.65,"44,506,030.00"
28-Mar-19,25.63,"44,506,030.00"
27-Mar-19,25.46,"44,506,030.00"
26-Mar-19,25.44,"44,506,030.00"
25-Mar-19,25.42,"44,506,030.00"
22-Mar-19,25.7,"44,506,030.00"
21-Mar-19,25.58,"44,506,030.00"
20-Mar-19,25.58,"44,506,030.00"
19-Mar-19,25.65,"43,756,030.00"
18-Mar-19,25.68,"43,756,030.00"
15-Mar-19,25.61,"43,756,030.00"
14-Mar-19,25.63,"43,756,030.00"
13-Mar-19,25.55,"43,756,030.00"
12-Mar-19,25.6,"43,756,030.00"
11-Mar-19,25.62,"43,756,030.00"
8-Mar-19,25.72,"43,756,030.00"
7-Mar-19,25.97,"43,756,030.00"
6-Mar-19,25.82,"43,756,030.00"
5-Mar-19,25.62,"43,756,030.00"
4-Mar-19,25.69,"43,756,030.00"
1-Mar-19,25.58,"43,756,030.00"
28-Feb-19,25.47,"43,756,030.00"
27-Feb-19,25.37,"43,756,030.00"
26-Feb-19,25.26,"43,756,030.00"
25-Feb-19,25.47,"43,756,030.00"
22-Feb-19,25.38,"43,756,030.00"
21-Feb-19,25.25,"43,756,030.00"
20-Feb-19,25.07,"43,756,030.00"
19-Feb-19,25.1,"43,756,030.00"
18-Feb-19,25.02,"43,756,030.00"
15-Feb-19,24.92,"43,756,030.00"
14-Feb-19,24.9,"43,756,030.00"
13-Feb-19,24.91,"43,756,030.00"
12-Feb-19,24.91,"43,756,030.00"
11-Feb-19,24.83,"43,756,030.00"
8-Feb-19,24.88,"43,756,030.00"
7-Feb-19,24.96,"43,756,030.00"
6-Feb-19,24.69,"43,756,030.00"
5-Feb-19,24.61,"43,756,030.00"
4-Feb-19,24.14,"43,756,030.00"
1-Feb-19,24.02,"43,756,030.00"
31-Jan-19,24.03,"43,756,030.00"
30-Jan-19,24.12,"43,756,030.00"
29-Jan-19,24.07,"42,556,030.00"
25-Jan-19,24.2,"42,106,030.00"
24-Jan-19,24.04,"42,106,030.00"
23-Jan-19,23.95,"42,106,030.00"
22-Jan-19,24.01,"42,106,030.00"
21-Jan-19,24.14,"42,106,030.00"
18-Jan-19,24.09,"42,106,030.00"
17-Jan-19,23.97,"42,106,030.00"
16-Jan-19,23.91,"42,106,030.00"
15-Jan-19,23.83,"42,106,030.00"
14-Jan-19,23.66,"42,106,030.00"
11-Jan-19,23.66,"42,106,030.00"
10-Jan-19,23.75,"42,106,030.00"
9-Jan-19,23.68,"42,106,030.00"
8-Jan-19,23.45,"42,106,030.00"
7-Jan-19,23.29,"42,110,308.00"
4-Jan-19,23.03,"42,110,308.00"
3-Jan-19,23.31,"42,074,852.00"
2-Jan-19,23,"42,074,852.00"
31-Dec-18,23.37,"42,074,852.00"
28-Dec-18,23.4,"42,074,852.00"
27-Dec-18,23.11,"42,074,852.00"
24-Dec-18,22.69,"42,074,852.00"
21-Dec-18,22.58,"42,074,852.00"
20-Dec-18,22.74,"42,074,852.00"
19-Dec-18,23.05,"42,074,852.00"
18-Dec-18,23.08,"42,074,852.00"
17-Dec-18,23.37,"42,074,852.00"
14-Dec-18,23.13,"42,074,852.00"
13-Dec-18,23.38,"42,074,852.00"
12-Dec-18,23.35,"42,074,852.00"
11-Dec-18,23.03,"41,324,852.00"
10-Dec-18,22.93,"40,949,852.00"
7-Dec-18,23.46,"40,949,852.00"
6-Dec-18,23.36,"40,949,852.00"
5-Dec-18,23.4,"40,949,852.00"
4-Dec-18,23.59,"40,949,852.00"
3-Dec-18,23.83,"40,949,852.00"
30-Nov-18,23.4,"40,949,852.00"
29-Nov-18,23.77,"40,949,852.00"
28-Nov-18,23.64,"40,949,852.00"
27-Nov-18,23.65,"40,199,852.00"
26-Nov-18,23.42,"40,199,852.00"
23-Nov-18,23.6,"40,199,852.00"
22-Nov-18,23.5,"40,199,852.00"
21-Nov-18,23.29,"40,199,852.00"
20-Nov-18,23.41,"40,199,852.00"
19-Nov-18,23.5,"40,199,852.00"
16-Nov-18,23.65,"40,199,852.00"
15-Nov-18,23.68,"39,524,852.00"
14-Nov-18,23.66,"39,524,852.00"
13-Nov-18,24.08,"39,524,852.00"
12-Nov-18,24.47,"39,524,852.00"
9-Nov-18,24.35,"39,524,852.00"
8-Nov-18,24.37,"39,524,852.00"
7-Nov-18,24.2,"39,524,852.00"
6-Nov-18,24.11,"39,524,852.00"
5-Nov-18,23.88,"39,524,852.00"
2-Nov-18,24.01,"38,849,852.00"
1-Nov-18,23.97,"47,924,852.00"
31-Oct-18,23.93,"47,924,852.00"
30-Oct-18,23.83,"47,924,852.00"
29-Oct-18,23.51,"47,924,852.00"
26-Oct-18,23.25,"47,924,852.00"
25-Oct-18,23.25,"47,924,852.00"
24-Oct-18,23.92,"47,924,852.00"
23-Oct-18,23.98,"47,924,852.00"
22-Oct-18,24.23,"47,924,852.00"
19-Oct-18,24.38,"47,924,852.00"
18-Oct-18,24.39,"47,924,852.00"
17-Oct-18,24.37,"47,924,852.00"
16-Oct-18,24.09,"47,924,852.00"
15-Oct-18,23.96,"47,399,852.00"
12-Oct-18,24.19,"47,399,852.00"
11-Oct-18,24.15,"47,399,852.00"
10-Oct-18,24.83,"47,399,852.00"
9-Oct-18,24.79,"47,399,852.00"
8-Oct-18,25.03,"47,254,083.00"
5-Oct-18,25.38,"46,804,083.00"
4-Oct-18,25.77,"46,749,671.00"
3-Oct-18,25.64,"46,749,671.00"
2-Oct-18,25.56,"46,749,671.00"
1-Oct-18,25.75,"46,749,671.00"
28-Sep-18,25.9,"46,749,671.00"
27-Sep-18,25.79,"46,749,671.00"
26-Sep-18,25.83,"46,224,671.00"
25-Sep-18,25.81,"46,224,671.00"
24-Sep-18,25.81,"46,224,671.00"
21-Sep-18,25.84,"46,224,671.00"
20-Sep-18,25.74,"46,224,671.00"
19-Sep-18,25.82,"46,224,671.00"
18-Sep-18,25.7,"46,224,671.00"
17-Sep-18,25.8,"46,224,671.00"
14-Sep-18,25.72,"46,224,671.00"
13-Sep-18,25.57,"46,224,671.00"
12-Sep-18,25.74,"46,224,671.00"
11-Sep-18,25.75,"46,224,671.00"
10-Sep-18,25.58,"45,924,671.00"
7-Sep-18,25.58,"45,924,671.00"
6-Sep-18,25.64,"45,924,671.00"
5-Sep-18,25.89,"45,924,671.00"
4-Sep-18,26.13,"45,924,671.00"
3-Sep-18,26.2,"45,924,671.00"
31-Aug-18,26.24,"45,924,671.00"
30-Aug-18,26.36,"45,924,671.00"
29-Aug-18,26.36,"45,924,671.00"
28-Aug-18,26.15,"45,924,671.00"
27-Aug-18,25.99,"45,924,671.00"
24-Aug-18,25.89,"45,924,671.00"
23-Aug-18,25.88,"45,924,671.00"
22-Aug-18,25.95,"45,924,671.00"
21-Aug-18,26.02,"45,924,671.00"
20-Aug-18,26.26,"45,924,671.00"
17-Aug-18,26.21,"45,924,671.00"
16-Aug-18,26.16,"45,399,671.00"
15-Aug-18,26.17,"45,399,671.00"
14-Aug-18,25.97,"45,399,671.00"
13-Aug-18,25.77,"45,399,671.00"
10-Aug-18,25.87,"45,399,671.00"
9-Aug-18,25.95,"45,399,671.00"
8-Aug-18,25.82,"45,399,671.00"
7-Aug-18,25.76,"45,399,671.00"
6-Aug-18,25.84,"45,399,671.00"
3-Aug-18,25.68,"45,399,671.00"
2-Aug-18,25.71,"45,399,671.00"
1-Aug-18,25.85,"45,399,671.00"
31-Jul-18,25.87,"45,399,671.00"
30-Jul-18,25.86,"45,399,671.00"
27-Jul-18,25.95,"45,399,671.00"
26-Jul-18,25.72,"45,399,671.00"
25-Jul-18,25.74,"45,399,671.00"
24-Jul-18,25.81,"45,399,671.00"
23-Jul-18,25.65,"45,399,671.00"
20-Jul-18,25.89,"45,399,671.00"
19-Jul-18,25.8,"45,399,671.00"
18-Jul-18,25.73,"45,399,671.00"
17-Jul-18,25.56,"45,399,671.00"
16-Jul-18,25.71,"45,399,671.00"
13-Jul-18,25.82,"45,399,671.00"
12-Jul-18,25.82,"45,399,671.00"
11-Jul-18,25.6,"45,399,671.00"
10-Jul-18,25.78,"45,399,671.00"
9-Jul-18,25.89,"45,399,671.00"
6-Jul-18,25.84,"45,399,671.00"
5-Jul-18,25.6,"45,399,671.00"
4-Jul-18,25.47,"45,334,077.00"
3-Jul-18,25.58,"45,334,077.00"
2-Jul-18,25.45,"45,334,077.00"
29-Jun-18,25.71,"45,311,952.00"
28-Jun-18,25.8,"45,311,952.00"
27-Jun-18,25.67,"45,311,952.00"
26-Jun-18,25.68,"45,311,952.00"
25-Jun-18,25.73,"45,311,952.00"
22-Jun-18,25.79,"45,311,952.00"
21-Jun-18,25.82,"45,311,952.00"
20-Jun-18,25.57,"45,311,952.00"
19-Jun-18,25.28,"45,311,952.00"
18-Jun-18,25.29,"45,311,952.00"
15-Jun-18,25.25,"45,311,952.00"
14-Jun-18,24.93,"44,711,952.00"
13-Jun-18,24.96,"44,711,952.00"
12-Jun-18,25.09,"44,711,952.00"
8-Jun-18,25.05,"44,711,952.00"
7-Jun-18,25.1,"44,711,952.00"
6-Jun-18,24.96,"44,711,952.00"
5-Jun-18,24.84,"44,711,952.00"
4-Jun-18,24.96,"44,711,952.00"
1-Jun-18,24.82,"44,711,952.00"
31-May-18,24.91,"44,711,952.00"
30-May-18,24.79,"44,711,952.00"
29-May-18,24.91,"44,711,952.00"
28-May-18,24.87,"44,711,952.00"
25-May-18,24.99,"44,711,952.00"
24-May-18,25.01,"44,711,952.00"
23-May-18,24.99,"44,711,952.00"
22-May-18,25.03,"44,711,952.00"
21-May-18,25.2,"44,711,952.00"
18-May-18,25.21,"44,711,952.00"
17-May-18,25.24,"44,711,952.00"
16-May-18,25.25,"44,711,952.00"
15-May-18,25.21,"44,711,952.00"
14-May-18,25.32,"44,711,952.00"
11-May-18,25.19,"44,711,952.00"
10-May-18,25.2,"44,711,952.00"
9-May-18,25.16,"44,711,952.00"
8-May-18,25.09,"44,711,952.00"
7-May-18,25.06,"44,711,952.00"
4-May-18,24.97,"44,711,952.00"
3-May-18,25.12,"44,711,952.00"
2-May-18,24.92,"44,711,952.00"
1-May-18,24.77,"44,711,952.00"
30-Apr-18,24.64,"44,711,952.00"
27-Apr-18,24.52,"44,711,952.00"
26-Apr-18,24.34,"44,711,952.00"
24-Apr-18,24.39,"44,711,952.00"
23-Apr-18,24.24,"44,711,952.00"
20-Apr-18,24.17,"44,711,952.00"
19-Apr-18,24.22,"44,711,952.00"
18-Apr-18,24.14,"44,711,952.00"
17-Apr-18,24.06,"44,713,896.75"
16-Apr-18,24.06,"44,713,646.51"
13-Apr-18,24.01,"44,713,120.11"
12-Apr-18,23.95,"44,713,127.66"
11-Apr-18,24,"44,713,137.85"
10-Apr-18,24.12,"44,713,151.67"
9-Apr-18,23.92,"44,712,974.99"
6-Apr-18,23.84,"44,712,489.26"
5-Apr-18,23.84,"44,632,796.69"
4-Apr-18,23.73,"44,576,682.40"
3-Apr-18,23.9,"52,487,390.71"
30-Mar-18,23.93,"52,486,173.52"
29-Mar-18,23.93,"52,489,504.91"
28-Mar-18,24.05,"52,485,554.88"
27-Mar-18,24.23,"52,485,503.49"
26-Mar-18,24.05,"52,487,361.70"
23-Mar-18,24.18,"52,485,543.24"
22-Mar-18,24.66,"52,486,334.00"
21-Mar-18,24.71,"52,486,334.00"
20-Mar-18,24.66,"52,486,334.00"
19-Mar-18,24.75,"52,486,334.00"
16-Mar-18,24.71,"52,486,334.00"
15-Mar-18,24.59,"52,486,334.00"
14-Mar-18,24.65,"52,486,334.00"
13-Mar-18,24.8,"52,486,334.00"
12-Mar-18,24.89,"52,486,334.00"
9-Mar-18,24.75,"52,486,334.00"
8-Mar-18,24.67,"52,486,334.00"
7-Mar-18,24.45,"52,486,334.00"
6-Mar-18,24.69,"52,486,334.00"
5-Mar-18,24.41,"52,486,334.00"
2-Mar-18,24.54,"52,486,334.00"
1-Mar-18,24.73,"52,486,334.00"
28-Feb-18,24.87,"52,486,334.00"
27-Feb-18,25.02,"52,486,334.00"
26-Feb-18,24.95,"51,886,334.00"
23-Feb-18,24.74,"51,886,334.00"
22-Feb-18,24.54,"51,886,334.00"
21-Feb-18,24.5,"51,886,334.00"
20-Feb-18,24.47,"51,886,334.00"
19-Feb-18,24.47,"51,886,334.00"
16-Feb-18,24.31,"51,886,334.00"
15-Feb-18,24.33,"51,886,334.00"
14-Feb-18,24.05,"51,886,334.00"
13-Feb-18,24.06,"51,886,334.00"
12-Feb-18,23.9,"51,886,334.00"
9-Feb-18,23.97,"51,886,334.00"
8-Feb-18,24.18,"51,886,334.00"
7-Feb-18,24.13,"51,886,334.00"
6-Feb-18,23.95,"51,886,334.00"
5-Feb-18,24.74,"51,886,334.00"
2-Feb-18,25.13,"51,886,334.00"
1-Feb-18,25,"51,886,334.00"
31-Jan-18,24.79,"51,886,334.00"
30-Jan-18,24.73,"51,436,334.00"
29-Jan-18,24.94,"51,436,334.00"
25-Jan-18,24.84,"51,436,334.00"
24-Jan-18,24.86,"51,436,334.00"
23-Jan-18,24.78,"51,436,334.00"
22-Jan-18,24.6,"51,436,334.00"
19-Jan-18,24.66,"51,436,334.00"
18-Jan-18,24.69,"51,436,334.00"
17-Jan-18,24.7,"51,436,334.00"
16-Jan-18,24.83,"51,436,334.00"
15-Jan-18,24.95,"51,436,334.00"
12-Jan-18,24.92,"51,436,334.00"
11-Jan-18,24.91,"51,436,334.00"
10-Jan-18,25.03,"51,436,334.00"
9-Jan-18,25.19,"51,436,334.00"
8-Jan-18,25.17,"51,436,334.00"
5-Jan-18,25.14,"51,315,443.00"
4-Jan-18,24.95,"51,315,443.00"
3-Jan-18,25.09,"51,299,581.00"
2-Jan-18,25.05,"51,299,581.00"
29-Dec-17,25.07,"51,749,581.00"
28-Dec-17,25.16,"51,749,581.00"
27-Dec-17,25.04,"51,749,581.00"
22-Dec-17,25.04,"51,749,581.00"
21-Dec-17,25,"51,749,581.00"
20-Dec-17,25.06,"51,749,581.00"
19-Dec-17,25.05,"51,749,581.00"
18-Dec-17,24.91,"51,749,581.00"
15-Dec-17,24.74,"51,749,581.00"
14-Dec-17,24.8,"51,749,581.00"
13-Dec-17,24.84,"51,749,581.00"
12-Dec-17,24.81,"51,749,581.00"
11-Dec-17,24.75,"51,749,581.00"
8-Dec-17,24.73,"51,749,581.00"
7-Dec-17,24.66,"51,749,581.00"
6-Dec-17,24.53,"51,299,581.00"
5-Dec-17,24.64,"51,299,581.00"
4-Dec-17,24.69,"51,299,581.00"
1-Dec-17,24.71,"51,299,581.00"
30-Nov-17,24.63,"51,299,581.00"
29-Nov-17,24.8,"48,149,581.00"
28-Nov-17,24.68,"40,049,581.00"
27-Nov-17,24.7,"32,549,581.00"
24-Nov-17,24.68,"32,549,581.00"
23-Nov-17,24.69,"32,549,581.00"
22-Nov-17,24.69,"32,549,581.00"
21-Nov-17,24.6,"32,549,581.00"
20-Nov-17,24.53,"32,549,581.00"
17-Nov-17,24.57,"32,549,581.00"
16-Nov-17,24.51,"32,549,581.00"
15-Nov-17,24.48,"32,024,581.00"
14-Nov-17,24.62,"32,024,581.00"
13-Nov-17,24.84,"32,024,581.00"
10-Nov-17,24.78,"32,024,581.00"
9-Nov-17,24.86,"32,024,581.00"
8-Nov-17,24.69,"32,024,581.00"
7-Nov-17,24.68,"32,024,581.00"
6-Nov-17,24.42,"32,024,581.00"
3-Nov-17,24.44,"32,024,581.00"
2-Nov-17,24.33,"32,024,581.00"
1-Nov-17,24.35,"31,574,581.00"
31-Oct-17,24.23,"31,574,581.00"
30-Oct-17,24.28,"31,574,581.00"
27-Oct-17,24.21,"31,574,581.00"
26-Oct-17,24.26,"31,574,581.00"
25-Oct-17,24.22,"31,574,581.00"
24-Oct-17,24.19,"31,574,581.00"
23-Oct-17,24.17,"31,574,581.00"
20-Oct-17,24.22,"31,574,581.00"
19-Oct-17,24.18,"31,574,581.00"
18-Oct-17,24.16,"31,574,581.00"
17-Oct-17,24.15,"31,574,581.00"
16-Oct-17,23.98,"31,574,581.00"
13-Oct-17,23.84,"31,574,581.00"
12-Oct-17,23.76,"31,574,581.00"
11-Oct-17,23.67,"31,574,581.00"
10-Oct-17,23.53,"31,574,581.00"
9-Oct-17,23.54,"31,574,581.00"
6-Oct-17,23.42,"31,575,413.00"
5-Oct-17,23.18,"31,575,413.00"
4-Oct-17,23.56,"30,564,730.00"
3-Oct-17,23.76,"30,564,730.00"
2-Oct-17,23.88,"30,564,730.00"
29-Sep-17,23.68,"30,564,730.00"
28-Sep-17,23.63,"30,564,730.00"
27-Sep-17,23.61,"30,564,730.00"
26-Sep-17,23.63,"30,564,730.00"
25-Sep-17,23.69,"30,564,730.00"
22-Sep-17,23.68,"30,564,730.00"
21-Sep-17,23.57,"29,889,730.00"
20-Sep-17,23.79,"29,889,730.00"
19-Sep-17,23.8,"29,889,730.00"
18-Sep-17,23.83,"29,889,730.00"
15-Sep-17,23.73,"29,889,730.00"
14-Sep-17,23.91,"29,889,730.00"
13-Sep-17,23.92,"29,889,730.00"
12-Sep-17,23.93,"29,889,730.00"
11-Sep-17,23.78,"29,889,730.00"
8-Sep-17,23.61,"29,889,730.00"
7-Sep-17,23.67,"29,889,730.00"
6-Sep-17,23.63,"29,889,730.00"
5-Sep-17,23.68,"29,889,730.00"
4-Sep-17,23.66,"29,889,730.00"
1-Sep-17,23.74,"29,889,730.00"
31-Aug-17,23.69,"29,439,730.00"
30-Aug-17,23.5,"29,439,730.00"
29-Aug-17,23.47,"29,439,730.00"
28-Aug-17,23.63,"29,439,730.00"
25-Aug-17,23.77,"29,439,730.00"
24-Aug-17,23.77,"29,439,730.00"
23-Aug-17,23.73,"29,439,730.00"
22-Aug-17,23.77,"29,439,730.00"
21-Aug-17,23.64,"29,439,730.00"
18-Aug-17,23.73,"29,439,730.00"
17-Aug-17,23.86,"29,439,730.00"
16-Aug-17,23.88,"29,439,730.00"
15-Aug-17,23.7,"29,439,730.00"
14-Aug-17,23.59,"29,439,730.00"
11-Aug-17,23.44,"29,439,730.00"
10-Aug-17,23.7,"29,439,730.00"
9-Aug-17,23.71,"29,439,730.00"
8-Aug-17,23.62,"29,439,730.00"
7-Aug-17,23.74,"28,914,730.00"
4-Aug-17,23.53,"28,914,730.00"
3-Aug-17,23.59,"28,914,730.00"
2-Aug-17,23.62,"28,914,730.00"
1-Aug-17,23.74,"28,914,730.00"
31-Jul-17,23.53,"28,614,730.00"
28-Jul-17,23.45,"28,614,730.00"
27-Jul-17,23.79,"28,614,730.00"
26-Jul-17,23.76,"28,614,730.00"
25-Jul-17,23.55,"28,614,730.00"
24-Jul-17,23.39,"28,614,730.00"
21-Jul-17,23.54,"28,614,730.00"
20-Jul-17,23.7,"28,614,730.00"
19-Jul-17,23.57,"28,614,730.00"
18-Jul-17,23.39,"28,614,730.00"
17-Jul-17,23.67,"28,614,730.00"
14-Jul-17,23.71,"28,614,730.00"
13-Jul-17,23.59,"28,614,730.00"
12-Jul-17,23.34,"28,614,730.00"
11-Jul-17,23.56,"28,614,730.00"
10-Jul-17,23.54,"28,614,730.00"
7-Jul-17,23.46,"28,614,730.00"
6-Jul-17,23.68,"28,614,730.00"
5-Jul-17,23.7,"28,614,730.00"
4-Jul-17,23.79,"28,614,879.00"
3-Jul-17,23.38,"28,614,879.00"
30-Jun-17,23.69,"28,601,436.00"
29-Jun-17,24.09,"28,601,436.00"
28-Jun-17,23.79,"28,601,436.00"
27-Jun-17,23.62,"28,601,436.00"
26-Jun-17,23.64,"28,601,436.00"
23-Jun-17,23.62,"28,601,436.00"
22-Jun-17,23.58,"28,601,436.00"
21-Jun-17,23.42,"28,601,436.00"
20-Jun-17,23.79,"28,601,436.00"
19-Jun-17,23.99,"28,601,436.00"
16-Jun-17,23.86,"27,851,436.00"
15-Jun-17,23.82,"27,851,436.00"
14-Jun-17,24.11,"27,851,436.00"
13-Jun-17,23.86,"27,851,436.00"
9-Jun-17,23.46,"27,851,436.00"
8-Jun-17,23.46,"27,851,436.00"
7-Jun-17,23.42,"27,851,436.00"
6-Jun-17,23.42,"27,851,436.00"
5-Jun-17,23.78,"27,851,436.00"
2-Jun-17,23.92,"27,851,436.00"
1-Jun-17,23.71,"27,851,436.00"
31-May-17,23.66,"27,851,436.00"
30-May-17,23.63,"27,851,436.00"
29-May-17,23.58,"27,851,436.00"
26-May-17,23.77,"27,851,436.00"
25-May-17,23.92,"27,851,436.00"
24-May-17,23.84,"27,851,436.00"
23-May-17,23.8,"27,851,436.00"
22-May-17,23.84,"27,851,436.00"
19-May-17,23.66,"27,851,436.00"
18-May-17,23.71,"27,851,436.00"
17-May-17,23.85,"27,851,436.00"
16-May-17,24.12,"27,851,436.00"
15-May-17,24.01,"27,851,436.00"
12-May-17,24.01,"27,851,436.00"
11-May-17,24.18,"27,851,436.00"
10-May-17,24.17,"27,851,436.00"
9-May-17,24.02,"27,851,436.00"
8-May-17,24.15,"27,851,436.00"
5-May-17,23.97,"27,851,436.00"
4-May-17,24.13,"27,851,436.00"
3-May-17,24.2,"28,151,436.00"
2-May-17,24.44,"28,151,436.00"
1-May-17,24.46,"28,151,436.00"
28-Apr-17,24.33,"28,151,436.00"
27-Apr-17,24.32,"28,151,436.00"
26-Apr-17,24.28,"28,151,436.00"
24-Apr-17,24.12,"28,151,436.00"
21-Apr-17,24.04,"28,151,436.00"
20-Apr-17,23.91,"28,151,436.00"
19-Apr-17,23.84,"28,151,436.00"
18-Apr-17,23.97,"27,251,436.00"
17-Apr-17,24.19,"26,126,436.00"
13-Apr-17,24.19,"26,126,436.00"
12-Apr-17,24.37,"26,126,436.00"
11-Apr-17,24.35,"26,126,436.00"
10-Apr-17,24.28,"26,126,436.00"
7-Apr-17,24.08,"26,126,436.00"
6-Apr-17,24.05,"26,126,436.00"
5-Apr-17,24.13,"26,122,205.00"
4-Apr-17,24.05,"26,122,205.00"
3-Apr-17,24.32,"24,983,614.00"
31-Mar-17,24.29,"24,983,614.00"
30-Mar-17,24.42,"23,858,614.00"
29-Mar-17,24.32,"23,858,614.00"
28-Mar-17,24.1,"23,858,614.00"
27-Mar-17,23.8,"23,858,614.00"
24-Mar-17,23.82,"23,858,614.00"
23-Mar-17,23.63,"23,858,614.00"
22-Mar-17,23.54,"23,858,614.00"
21-Mar-17,23.91,"23,858,614.00"
20-Mar-17,23.92,"23,858,614.00"
17-Mar-17,24.01,"23,858,614.00"
16-Mar-17,23.95,"23,858,614.00"
15-Mar-17,23.9,"23,858,614.00"
14-Mar-17,23.83,"23,858,614.00"
13-Mar-17,23.82,"23,858,614.00"
10-Mar-17,23.9,"23,858,614.00"
9-Mar-17,23.76,"23,858,614.00"
8-Mar-17,23.79,"23,858,614.00"
7-Mar-17,23.79,"23,858,614.00"
6-Mar-17,23.72,"23,858,614.00"
3-Mar-17,23.64,"23,858,614.00"
2-Mar-17,23.83,"23,258,614.00"
1-Mar-17,23.51,"23,258,614.00"
28-Feb-17,23.51,"23,258,614.00"
27-Feb-17,23.55,"23,258,614.00"
24-Feb-17,23.6,"23,258,614.00"
23-Feb-17,23.79,"23,258,614.00"
22-Feb-17,23.85,"23,258,614.00"
21-Feb-17,23.73,"23,258,614.00"
20-Feb-17,23.74,"23,258,614.00"
17-Feb-17,23.77,"23,258,614.00"
16-Feb-17,23.81,"23,258,614.00"
15-Feb-17,23.78,"23,258,614.00"
14-Feb-17,23.56,"23,258,614.00"
13-Feb-17,23.58,"23,258,614.00"
10-Feb-17,23.4,"23,258,614.00"
9-Feb-17,23.17,"23,258,614.00"
8-Feb-17,23.12,"23,258,614.00"
7-Feb-17,23,"23,258,614.00"
6-Feb-17,22.97,"23,258,614.00"
3-Feb-17,23,"23,258,614.00"
2-Feb-17,23.1,"23,258,614.00"
1-Feb-17,23.13,"23,258,614.00"
31-Jan-17,22.99,"23,258,614.00"
30-Jan-17,23.16,"23,258,614.00"
27-Jan-17,23.37,"23,258,614.00"
25-Jan-17,23.2,"23,258,614.00"
24-Jan-17,23.11,"23,258,614.00"
23-Jan-17,22.95,"23,258,614.00"
20-Jan-17,23.13,"23,258,614.00"
19-Jan-17,23.29,"23,258,614.00"
18-Jan-17,23.23,"23,258,614.00"
17-Jan-17,23.31,"23,258,614.00"
16-Jan-17,23.51,"23,258,614.00"
13-Jan-17,23.4,"23,258,614.00"
12-Jan-17,23.59,"23,258,614.00"
11-Jan-17,23.61,"23,258,614.00"
10-Jan-17,23.56,"23,258,614.00"
9-Jan-17,23.76,"23,258,614.00"
6-Jan-17,23.54,"23,258,614.00"
5-Jan-17,23.54,"23,250,731.00"
4-Jan-17,23.47,"23,250,731.00"
3-Jan-17,23.69,"23,238,138.00"
30-Dec-16,23.41,"23,238,138.00"
29-Dec-16,23.55,"23,238,138.00"
28-Dec-16,23.45,"23,238,138.00"
23-Dec-16,23.21,"23,238,138.00"
22-Dec-16,23.28,"23,238,138.00"
21-Dec-16,23.15,"23,238,138.00"
20-Dec-16,23.06,"23,238,138.00"
19-Dec-16,22.94,"22,788,138.00"
16-Dec-16,22.82,"22,788,138.00"
15-Dec-16,22.84,"22,788,138.00"
14-Dec-16,23.03,"22,788,138.00"
13-Dec-16,22.87,"22,788,138.00"
12-Dec-16,22.94,"22,788,138.00"
9-Dec-16,22.93,"22,788,138.00"
8-Dec-16,22.86,"22,788,138.00"
7-Dec-16,22.59,"22,188,138.00"
6-Dec-16,22.39,"22,188,138.00"
5-Dec-16,22.27,"22,188,138.00"
2-Dec-16,22.45,"22,188,138.00"
1-Dec-16,22.68,"22,188,138.00"
30-Nov-16,22.44,"22,188,138.00"
29-Nov-16,22.51,"22,188,138.00"
28-Nov-16,22.53,"22,188,138.00"
25-Nov-16,22.71,"22,188,138.00"
24-Nov-16,22.62,"22,188,138.00"
23-Nov-16,22.61,"22,188,138.00"
22-Nov-16,22.32,"22,188,138.00"
21-Nov-16,22.07,"22,188,138.00"
18-Nov-16,22.1,"22,188,138.00"
17-Nov-16,22.01,"22,188,138.00"
16-Nov-16,21.97,"22,188,138.00"
15-Nov-16,21.96,"22,188,138.00"
14-Nov-16,22.04,"22,188,138.00"
11-Nov-16,22.06,"22,188,138.00"
10-Nov-16,21.89,"22,188,138.00"
9-Nov-16,21.18,"22,188,138.00"
8-Nov-16,21.59,"22,188,138.00"
7-Nov-16,21.55,"22,188,138.00"
4-Nov-16,21.27,"22,188,138.00"
3-Nov-16,21.41,"22,188,138.00"
2-Nov-16,21.42,"22,188,138.00"
1-Nov-16,21.68,"22,188,138.00"
31-Oct-16,21.79,"22,188,138.00"
28-Oct-16,21.65,"22,188,138.00"
27-Oct-16,21.69,"22,188,138.00"
26-Oct-16,21.95,"22,188,138.00"
25-Oct-16,22.29,"22,188,138.00"
24-Oct-16,22.16,"21,963,138.00"
21-Oct-16,22.24,"21,963,138.00"
20-Oct-16,22.29,"21,963,138.00"
19-Oct-16,22.26,"21,963,138.00"
18-Oct-16,22.16,"21,963,138.00"
17-Oct-16,22.07,"21,963,138.00"
14-Oct-16,22.26,"21,963,138.00"
13-Oct-16,22.27,"21,963,138.00"
12-Oct-16,22.43,"21,963,138.00"
11-Oct-16,22.45,"21,963,138.00"
10-Oct-16,22.43,"21,963,138.00"
7-Oct-16,22.4,"21,963,138.00"
6-Oct-16,22.46,"21,958,446.00"
5-Oct-16,22.34,"21,958,446.00"
4-Oct-16,22.79,"21,941,259.00"
3-Oct-16,22.77,"21,941,259.00"
30-Sep-16,22.59,"21,341,259.00"
29-Sep-16,22.74,"21,341,259.00"
28-Sep-16,22.49,"21,341,259.00"
27-Sep-16,22.47,"21,341,259.00"
26-Sep-16,22.57,"21,341,259.00"
23-Sep-16,22.57,"21,341,259.00"
22-Sep-16,22.33,"21,341,259.00"
21-Sep-16,22.19,"21,341,259.00"
20-Sep-16,22.03,"21,341,259.00"
19-Sep-16,22,"21,341,259.00"
16-Sep-16,22,"21,341,259.00"
15-Sep-16,21.77,"21,341,259.00"
14-Sep-16,21.72,"21,341,259.00"
13-Sep-16,21.63,"21,341,259.00"
12-Sep-16,21.67,"21,341,259.00"
9-Sep-16,22.16,"21,341,259.00"
8-Sep-16,22.35,"21,341,259.00"
7-Sep-16,22.5,"21,341,259.00"
6-Sep-16,22.45,"21,341,259.00"
5-Sep-16,22.49,"20,666,259.00"
2-Sep-16,22.25,"20,666,259.00"
1-Sep-16,22.43,"20,666,259.00"
31-Aug-16,22.48,"20,441,259.00"
30-Aug-16,22.66,"20,441,259.00"
29-Aug-16,22.62,"20,441,259.00"
26-Aug-16,22.78,"20,441,259.00"
25-Aug-16,22.89,"20,441,259.00"
24-Aug-16,22.97,"20,441,259.00"
23-Aug-16,22.9,"20,441,259.00"
22-Aug-16,22.74,"20,441,259.00"
19-Aug-16,22.78,"20,441,259.00"
18-Aug-16,22.7,"20,441,259.00"
17-Aug-16,22.81,"20,441,259.00"
16-Aug-16,22.74,"19,916,259.00"
15-Aug-16,22.77,"19,916,259.00"
12-Aug-16,22.73,"19,916,259.00"
11-Aug-16,22.62,"19,916,259.00"
10-Aug-16,22.76,"19,916,259.00"
9-Aug-16,22.79,"19,916,259.00"
8-Aug-16,22.73,"19,916,259.00"
5-Aug-16,22.57,"19,916,259.00"
4-Aug-16,22.48,"19,916,259.00"
3-Aug-16,22.44,"19,916,259.00"
2-Aug-16,22.75,"19,916,259.00"
1-Aug-16,22.94,"19,916,259.00"
29-Jul-16,22.84,"19,916,259.00"
28-Jul-16,22.81,"19,916,259.00"
27-Jul-16,22.74,"19,916,259.00"
26-Jul-16,22.73,"19,916,259.00"
25-Jul-16,22.72,"19,916,259.00"
22-Jul-16,22.57,"19,916,259.00"
21-Jul-16,22.63,"19,916,259.00"
20-Jul-16,22.53,"19,916,259.00"
19-Jul-16,22.38,"19,916,259.00"
18-Jul-16,22.41,"19,916,259.00"
15-Jul-16,22.29,"19,916,259.00"
14-Jul-16,22.22,"19,916,259.00"
13-Jul-16,22.13,"19,916,259.00"
12-Jul-16,21.98,"19,916,259.00"
11-Jul-16,21.91,"19,916,259.00"
8-Jul-16,21.48,"19,916,259.00"
7-Jul-16,21.47,"19,916,259.00"
6-Jul-16,21.34,"19,916,259.00"
5-Jul-16,21.46,"19,916,259.00"
4-Jul-16,21.69,"19,884,301.00"
1-Jul-16,21.96,"19,884,301.00"
30-Jun-16,22.1,"19,874,422.00"
29-Jun-16,21.72,"19,799,422.00"
28-Jun-16,21.51,"26,099,422.00"
27-Jun-16,21.65,"26,099,422.00"
24-Jun-16,21.55,"26,099,422.00"
23-Jun-16,22.26,"26,099,422.00"
22-Jun-16,22.21,"26,099,422.00"
21-Jun-16,22.23,"26,099,422.00"
20-Jun-16,22.15,"26,099,422.00"
17-Jun-16,21.76,"26,099,422.00"
16-Jun-16,21.69,"26,099,422.00"
15-Jun-16,21.69,"26,099,422.00"
14-Jun-16,21.93,"26,099,422.00"
10-Jun-16,22.39,"26,099,422.00"
9-Jun-16,22.6,"26,099,422.00"
8-Jun-16,22.63,"26,099,422.00"
7-Jun-16,22.63,"26,099,422.00"
6-Jun-16,22.59,"26,099,422.00"
3-Jun-16,22.41,"26,099,422.00"
2-Jun-16,22.25,"26,099,422.00"
1-Jun-16,22.43,"26,099,422.00"
31-May-16,22.66,"26,099,422.00"
30-May-16,22.79,"26,099,422.00"
27-May-16,22.78,"26,099,422.00"
26-May-16,22.7,"26,099,422.00"
25-May-16,22.64,"19,649,422.00"
24-May-16,22.31,"19,649,422.00"
23-May-16,22.41,"19,649,422.00"
20-May-16,22.55,"19,649,422.00"
19-May-16,22.43,"19,649,422.00"
18-May-16,22.57,"19,649,422.00"
17-May-16,22.73,"19,649,422.00"
16-May-16,22.52,"19,649,422.00"
13-May-16,22.4,"19,649,422.00"
12-May-16,22.52,"19,649,422.00"
11-May-16,22.53,"19,649,422.00"
10-May-16,22.41,"19,649,422.00"
9-May-16,22.31,"19,649,422.00"
6-May-16,22.16,"19,649,422.00"
5-May-16,22.1,"19,649,422.00"
4-May-16,22.07,"19,649,422.00"
3-May-16,22.41,"19,649,422.00"
2-May-16,21.95,"19,649,422.00"
29-Apr-16,21.99,"19,649,422.00"
28-Apr-16,21.88,"19,649,422.00"
27-Apr-16,21.72,"19,649,422.00"
26-Apr-16,21.86,"19,649,422.00"
22-Apr-16,21.92,"19,649,422.00"
21-Apr-16,22.08,"19,649,422.00"
20-Apr-16,21.84,"19,649,422.00"
19-Apr-16,21.72,"19,649,422.00"
18-Apr-16,21.51,"19,649,422.00"
15-Apr-16,21.59,"19,649,422.00"
14-Apr-16,21.43,"19,649,422.00"
13-Apr-16,21.16,"19,649,422.00"
12-Apr-16,20.83,"19,649,422.00"
11-Apr-16,20.65,"19,649,422.00"
8-Apr-16,20.67,"19,649,422.00"
7-Apr-16,20.78,"19,649,422.00"
6-Apr-16,20.71,"18,899,175.00"
5-Apr-16,20.62,"18,894,422.00"
4-Apr-16,20.91,"18,894,422.00"
1-Apr-16,21.13,"18,884,829.00"
31-Mar-16,21.48,"18,884,829.00"
30-Mar-16,21.17,"18,884,829.00"
29-Mar-16,21.15,"18,884,829.00"
24-Mar-16,21.48,"18,884,829.00"
23-Mar-16,21.73,"18,884,829.00"
22-Mar-16,21.82,"18,884,829.00"
21-Mar-16,21.82,"18,884,829.00"
18-Mar-16,21.89,"18,884,829.00"
17-Mar-16,21.83,"18,884,829.00"
16-Mar-16,21.62,"18,884,829.00"
15-Mar-16,21.58,"18,884,829.00"
14-Mar-16,21.89,"18,884,829.00"
11-Mar-16,21.81,"18,884,829.00"
10-Mar-16,21.75,"18,884,829.00"
9-Mar-16,21.75,"18,884,829.00"
8-Mar-16,21.54,"18,884,829.00"
7-Mar-16,21.68,"18,884,829.00"
4-Mar-16,21.46,"18,884,829.00"
3-Mar-16,21.42,"18,884,829.00"
2-Mar-16,21.16,"18,884,829.00"
1-Mar-16,20.73,"18,884,829.00"
29-Feb-16,20.51,"18,884,829.00"
26-Feb-16,20.48,"18,884,829.00"
25-Feb-16,20.48,"18,884,829.00"
24-Feb-16,20.46,"18,884,829.00"
23-Feb-16,20.88,"18,884,829.00"
22-Feb-16,20.96,"18,884,829.00"
19-Feb-16,20.75,"18,884,829.00"
18-Feb-16,20.91,"18,884,829.00"
17-Feb-16,20.44,"18,884,829.00"
16-Feb-16,20.55,"18,884,829.00"
15-Feb-16,20.22,"18,884,829.00"
12-Feb-16,19.9,"18,584,829.00"
11-Feb-16,20.13,"18,584,829.00"
10-Feb-16,19.93,"18,584,829.00"
9-Feb-16,20.16,"18,584,829.00"
8-Feb-16,20.76,"18,584,829.00"
5-Feb-16,20.76,"18,584,829.00"
4-Feb-16,20.78,"18,584,829.00"
3-Feb-16,20.38,"18,584,829.00"
2-Feb-16,20.83,"18,584,829.00"
1-Feb-16,21.04,"18,584,829.00"
29-Jan-16,20.88,"18,584,829.00"
28-Jan-16,20.76,"18,584,829.00"
27-Jan-16,20.64,"18,584,829.00"
25-Jan-16,20.89,"18,584,829.00"
22-Jan-16,20.51,"18,584,829.00"
21-Jan-16,20.29,"18,584,829.00"
20-Jan-16,20.2,"18,584,829.00"
19-Jan-16,20.46,"18,584,829.00"
18-Jan-16,20.27,"18,584,829.00"
15-Jan-16,20.41,"18,584,829.00"
14-Jan-16,20.48,"18,584,829.00"
13-Jan-16,20.81,"18,584,829.00"
12-Jan-16,20.55,"18,584,829.00"
11-Jan-16,20.58,"18,584,829.00"
8-Jan-16,20.82,"18,584,829.00"
7-Jan-16,20.9,"18,584,829.00"
6-Jan-16,21.37,"18,584,829.00"
5-Jan-16,21.63,"18,584,829.00"
4-Jan-16,21.99,"18,581,033.00"
31-Dec-15,22.09,"18,581,033.00"
30-Dec-15,22.19,"18,581,033.00"
29-Dec-15,22.19,"18,571,128.00"
24-Dec-15,21.9,"18,571,128.00"
23-Dec-15,21.62,"18,571,128.00"
22-Dec-15,21.52,"18,571,128.00"
21-Dec-15,21.48,"18,571,128.00"
18-Dec-15,21.47,"18,571,128.00"
17-Dec-15,21.45,"18,571,128.00"
16-Dec-15,21.14,"18,571,128.00"
15-Dec-15,20.64,"18,571,128.00"
14-Dec-15,20.73,"18,571,128.00"
11-Dec-15,21.15,"18,571,128.00"
10-Dec-15,21.18,"18,571,128.00"
9-Dec-15,21.36,"18,571,128.00"
8-Dec-15,21.48,"18,571,128.00"
7-Dec-15,21.68,"18,571,128.00"
4-Dec-15,21.66,"18,571,128.00"
3-Dec-15,21.98,"18,571,128.00"
2-Dec-15,22.11,"18,571,128.00"
1-Dec-15,22.14,"18,571,128.00"
30-Nov-15,21.72,"18,571,128.00"
27-Nov-15,21.88,"18,571,128.00"
26-Nov-15,21.91,"18,571,128.00"
25-Nov-15,21.84,"18,571,128.00"
24-Nov-15,21.98,"18,571,128.00"
23-Nov-15,22.19,"18,421,128.00"
20-Nov-15,22.11,"18,421,128.00"
19-Nov-15,22.05,"18,421,128.00"
18-Nov-15,21.58,"18,421,128.00"
17-Nov-15,21.52,"18,421,128.00"
16-Nov-15,21.04,"18,421,128.00"
13-Nov-15,21.25,"18,421,128.00"
12-Nov-15,21.56,"18,421,128.00"
11-Nov-15,21.54,"18,421,128.00"
10-Nov-15,21.4,"18,421,128.00"
9-Nov-15,21.48,"18,421,128.00"
6-Nov-15,21.88,"18,121,128.00"
5-Nov-15,21.75,"17,896,128.00"
4-Nov-15,21.91,"17,896,128.00"
3-Nov-15,21.9,"17,896,128.00"
2-Nov-15,21.59,"17,446,128.00"
30-Oct-15,21.9,"17,446,128.00"
29-Oct-15,22.02,"17,296,128.00"
28-Oct-15,22.32,"17,296,128.00"
27-Oct-15,22.37,"17,296,128.00"
26-Oct-15,22.37,"17,296,128.00"
23-Oct-15,22.39,"16,921,128.00"
22-Oct-15,22.02,"16,921,128.00"
21-Oct-15,21.96,"16,921,128.00"
20-Oct-15,21.9,"16,921,128.00"
19-Oct-15,22.04,"16,921,128.00"
16-Oct-15,22.04,"16,921,128.00"
15-Oct-15,21.88,"16,921,128.00"
14-Oct-15,21.75,"16,921,128.00"
13-Oct-15,21.77,"16,921,128.00"
12-Oct-15,21.9,"16,921,128.00"
9-Oct-15,22.09,"16,691,976.00"
8-Oct-15,21.8,"16,691,976.00"
7-Oct-15,21.74,"16,691,976.00"
6-Oct-15,22.02,"16,674,926.00"
5-Oct-15,21.95,"16,674,926.00"
2-Oct-15,21.53,"16,674,926.00"
1-Oct-15,21.78,"16,674,926.00"
30-Sep-15,21.4,"16,674,926.00"
29-Sep-15,20.96,"16,674,926.00"
28-Sep-15,21.79,"16,674,926.00"
25-Sep-15,21.48,"16,674,926.00"
24-Sep-15,21.6,"16,674,926.00"
23-Sep-15,21.29,"16,674,926.00"
22-Sep-15,21.74,"16,674,926.00"
21-Sep-15,21.58,"16,674,926.00"
18-Sep-15,22.03,"16,674,926.00"
17-Sep-15,21.93,"16,674,926.00"
16-Sep-15,21.73,"16,674,926.00"
15-Sep-15,21.38,"16,674,926.00"
14-Sep-15,21.71,"16,674,926.00"
11-Sep-15,21.6,"16,374,926.00"
10-Sep-15,21.7,"16,374,926.00"
9-Sep-15,22.24,"16,374,926.00"
8-Sep-15,21.72,"16,374,926.00"
7-Sep-15,21.37,"16,374,926.00"
4-Sep-15,21.4,"16,374,926.00"
3-Sep-15,21.34,"16,374,926.00"
2-Sep-15,21.65,"16,224,926.00"
1-Sep-15,21.62,"16,224,926.00"
31-Aug-15,22.08,"16,224,926.00"
28-Aug-15,22.32,"16,224,926.00"
27-Aug-15,22.19,"15,999,926.00"
26-Aug-15,21.93,"15,999,926.00"
25-Aug-15,21.76,"15,999,926.00"
24-Aug-15,21.13,"15,999,926.00"
21-Aug-15,22.02,"15,999,926.00"
20-Aug-15,22.33,"15,774,926.00"
19-Aug-15,22.72,"15,774,926.00"
18-Aug-15,22.39,"15,774,926.00"
17-Aug-15,22.59,"15,774,926.00"
14-Aug-15,22.54,"15,774,926.00"
13-Aug-15,22.67,"15,774,926.00"
12-Aug-15,22.63,"15,624,926.00"
11-Aug-15,23,"15,624,926.00"
10-Aug-15,23.15,"15,624,926.00"
7-Aug-15,23,"15,624,926.00"
6-Aug-15,23.57,"15,624,926.00"
5-Aug-15,23.84,"15,624,926.00"
4-Aug-15,23.94,"15,624,926.00"
3-Aug-15,23.86,"15,624,926.00"
31-Jul-15,23.94,"15,624,926.00"
30-Jul-15,23.82,"15,624,926.00"
29-Jul-15,23.63,"15,624,926.00"
28-Jul-15,23.46,"15,624,926.00"
27-Jul-15,23.48,"15,624,926.00"
24-Jul-15,23.38,"15,624,926.00"
23-Jul-15,23.49,"15,624,926.00"
22-Jul-15,23.59,"15,624,926.00"
21-Jul-15,23.98,"15,624,926.00"
20-Jul-15,23.9,"15,624,926.00"
17-Jul-15,23.83,"15,624,926.00"
16-Jul-15,23.82,"15,624,926.00"
15-Jul-15,23.69,"15,624,926.00"
14-Jul-15,23.44,"15,249,926.00"
13-Jul-15,23,"15,249,926.00"
10-Jul-15,23.08,"15,249,926.00"
9-Jul-15,22.99,"15,249,926.00"
8-Jul-15,22.99,"15,249,926.00"
7-Jul-15,23.46,"15,249,926.00"
6-Jul-15,23.02,"15,249,926.00"
3-Jul-15,23.28,"15,241,790.00"
2-Jul-15,23.53,"15,241,790.00"
1-Jul-15,23.18,"15,241,790.00"
30-Jun-15,23.74,"15,215,501.00"
29-Jun-15,23.59,"14,990,501.00"
26-Jun-15,24.12,"14,990,501.00"
25-Jun-15,24.45,"14,990,501.00"
24-Jun-15,24.69,"14,990,501.00"
23-Jun-15,24.68,"14,990,501.00"
22-Jun-15,24.35,"14,990,501.00"
19-Jun-15,24.3,"14,990,501.00"
18-Jun-15,23.98,"14,990,501.00"
17-Jun-15,24.28,"14,990,501.00"
16-Jun-15,24.03,"14,990,501.00"
15-Jun-15,24.03,"14,990,501.00"
12-Jun-15,24.05,"14,990,501.00"
11-Jun-15,24.1,"14,765,501.00"
10-Jun-15,23.77,"14,765,501.00"
9-Jun-15,23.74,"14,765,501.00"
5-Jun-15,23.85,"14,765,501.00"
4-Jun-15,23.88,"14,765,501.00"
3-Jun-15,24.23,"14,765,501.00"
2-Jun-15,24.46,"14,765,501.00"
1-Jun-15,24.88,"14,765,501.00"
29-May-15,25.07,"14,765,501.00"
28-May-15,24.79,"14,765,501.00"
27-May-15,24.85,"14,765,501.00"
26-May-15,25.05,"14,765,501.00"
25-May-15,24.83,"14,765,501.00"
22-May-15,24.58,"14,765,501.00"
21-May-15,24.57,"14,765,501.00"
20-May-15,24.35,"14,765,501.00"
19-May-15,24.38,"14,765,501.00"
18-May-15,24.56,"14,765,501.00"
15-May-15,24.87,"14,765,501.00"
14-May-15,24.66,"14,765,501.00"
13-May-15,24.72,"14,765,501.00"
12-May-15,24.49,"14,765,501.00"
11-May-15,24.27,"14,765,501.00"
8-May-15,24.32,"14,765,501.00"
7-May-15,24.33,"14,765,501.00"
6-May-15,24.53,"14,765,501.00"
5-May-15,25.11,"14,765,501.00"
4-May-15,25.11,"14,765,501.00"
1-May-15,25.05,"14,765,501.00"
30-Apr-15,24.95,"14,765,501.00"
29-Apr-15,25.17,"14,765,501.00"
28-Apr-15,25.64,"14,765,501.00"
27-Apr-15,25.78,"14,765,501.00"
24-Apr-15,25.57,"14,765,501.00"
23-Apr-15,25.18,"14,765,501.00"
22-Apr-15,25.15,"14,765,501.00"
21-Apr-15,25.29,"14,765,501.00"
20-Apr-15,25.13,"14,765,501.00"
17-Apr-15,25.32,"14,765,501.00"
16-Apr-15,25.62,"14,765,501.00"
15-Apr-15,25.45,"14,765,501.00"
14-Apr-15,25.61,"14,765,501.00"
13-Apr-15,25.68,"14,765,501.00"
10-Apr-15,25.72,"14,765,501.00"
9-Apr-15,25.57,"14,759,948.00"
8-Apr-15,25.69,"14,759,948.00"
7-Apr-15,25.54,"14,534,948.00"
2-Apr-15,25.7,"14,528,402.00"
1-Apr-15,25.55,"14,528,402.00"
31-Mar-15,25.68,"14,378,402.00"
30-Mar-15,25.48,"14,378,402.00"
27-Mar-15,25.8,"14,378,402.00"
26-Mar-15,25.62,"14,378,402.00"
25-Mar-15,26.03,"14,378,402.00"
24-Mar-15,26.01,"14,378,402.00"
23-Mar-15,25.95,"14,378,402.00"
20-Mar-15,26.03,"14,378,402.00"
19-Mar-15,25.93,"14,378,402.00"
18-Mar-15,25.45,"14,378,402.00"
17-Mar-15,25.43,"14,378,402.00"
16-Mar-15,25.24,"14,378,402.00"
13-Mar-15,25.3,"14,228,402.00"
12-Mar-15,25.46,"14,228,402.00"
11-Mar-15,25.21,"14,228,402.00"
10-Mar-15,25.3,"14,228,402.00"
9-Mar-15,25.29,"14,228,402.00"
6-Mar-15,25.63,"14,228,402.00"
5-Mar-15,25.65,"14,228,402.00"
4-Mar-15,25.63,"14,228,402.00"
3-Mar-15,25.75,"14,228,402.00"
2-Mar-15,25.86,"14,078,402.00"
27-Feb-15,25.72,"14,078,402.00"
26-Feb-15,25.62,"14,078,402.00"
25-Feb-15,25.78,"14,078,402.00"
24-Feb-15,25.64,"14,078,402.00"
23-Feb-15,25.52,"14,078,402.00"
20-Feb-15,25.41,"14,078,402.00"
19-Feb-15,25.5,"14,078,402.00"
18-Feb-15,25.55,"14,078,402.00"
17-Feb-15,25.28,"14,078,402.00"
16-Feb-15,25.36,"14,078,402.00"
13-Feb-15,25.31,"14,078,402.00"
12-Feb-15,24.73,"13,853,402.00"
11-Feb-15,24.85,"13,853,402.00"
10-Feb-15,24.97,"13,853,402.00"
9-Feb-15,25.03,"13,853,402.00"
6-Feb-15,25.05,"13,853,402.00"
5-Feb-15,25.02,"13,853,402.00"
4-Feb-15,24.87,"13,853,402.00"
3-Feb-15,24.57,"13,853,402.00"
2-Feb-15,24.22,"13,703,402.00"
30-Jan-15,24.06,"13,703,402.00"
29-Jan-15,23.98,"13,703,402.00"
28-Jan-15,23.9,"13,703,402.00"
27-Jan-15,23.88,"13,703,402.00"
23-Jan-15,23.68,"13,703,402.00"
22-Jan-15,23.34,"13,703,402.00"
21-Jan-15,23.23,"13,703,402.00"
20-Jan-15,22.86,"13,703,402.00"
19-Jan-15,22.86,"13,703,402.00"
16-Jan-15,22.83,"13,703,402.00"
15-Jan-15,22.97,"13,703,402.00"
14-Jan-15,23.07,"13,703,402.00"
13-Jan-15,23.29,"13,703,402.00"
12-Jan-15,23.37,"13,703,402.00"
9-Jan-15,23.55,"13,553,402.00"
8-Jan-15,23.19,"13,553,402.00"
7-Jan-15,23.07,"13,553,402.00"
6-Jan-15,23.12,"13,553,402.00"
5-Jan-15,23.47,"13,553,402.00"
2-Jan-15,23.41,"13,551,820.00"
31-Dec-14,23.3,"13,551,820.00"
30-Dec-14,23.33,"13,551,820.00"
29-Dec-14,23.79,"13,546,408.00"
24-Dec-14,23.41,"13,546,408.00"
23-Dec-14,23.35,"13,921,408.00"
22-Dec-14,23.61,"13,921,408.00"
19-Dec-14,23.16,"13,921,408.00"
18-Dec-14,22.6,"13,921,408.00"
17-Dec-14,22.4,"13,921,408.00"
16-Dec-14,22.36,"13,921,408.00"
15-Dec-14,22.5,"13,921,408.00"
12-Dec-14,22.65,"13,921,408.00"
11-Dec-14,22.7,"13,771,408.00"
10-Dec-14,22.82,"13,771,408.00"
9-Dec-14,22.92,"13,771,408.00"
8-Dec-14,23.3,"13,771,408.00"
5-Dec-14,23.14,"13,771,408.00"
4-Dec-14,23.29,"13,621,408.00"
3-Dec-14,23.09,"13,621,408.00"
2-Dec-14,22.91,"13,621,408.00"
1-Dec-14,22.6,"13,621,408.00"
28-Nov-14,23.04,"13,621,408.00"
27-Nov-14,23.42,"13,621,408.00"
26-Nov-14,23.39,"13,621,408.00"
25-Nov-14,23.13,"13,621,408.00"
24-Nov-14,23.25,"13,621,408.00"
21-Nov-14,23,"13,621,408.00"
20-Nov-14,23.06,"13,321,408.00"
19-Nov-14,23.29,"13,321,408.00"
18-Nov-14,23.42,"13,321,408.00"
17-Nov-14,23.48,"12,871,408.00"
14-Nov-14,23.66,"12,871,408.00"
13-Nov-14,23.61,"12,871,408.00"
12-Nov-14,23.69,"12,871,408.00"
11-Nov-14,23.92,"12,871,408.00"
10-Nov-14,23.94,"12,871,408.00"
7-Nov-14,24.01,"12,871,408.00"
6-Nov-14,23.74,"12,871,408.00"
5-Nov-14,23.79,"12,871,408.00"
4-Nov-14,23.79,"12,871,408.00"
3-Nov-14,23.74,"12,721,408.00"
31-Oct-14,23.83,"12,721,408.00"
30-Oct-14,23.61,"12,721,408.00"
29-Oct-14,23.49,"12,721,408.00"
28-Oct-14,23.51,"12,721,408.00"
27-Oct-14,23.54,"12,721,408.00"
24-Oct-14,23.34,"12,721,408.00"
23-Oct-14,23.22,"12,721,408.00"
22-Oct-14,23.22,"12,721,408.00"
21-Oct-14,22.97,"12,721,408.00"
20-Oct-14,22.94,"12,721,408.00"
17-Oct-14,22.74,"12,721,408.00"
16-Oct-14,22.67,"12,721,408.00"
15-Oct-14,22.63,"12,721,408.00"
14-Oct-14,22.46,"12,721,408.00"
13-Oct-14,22.24,"12,721,395.00"
10-Oct-14,22.38,"12,718,714.00"
9-Oct-14,22.84,"12,718,714.00"
8-Oct-14,22.6,"12,718,714.00"
7-Oct-14,22.78,"12,718,714.00"
6-Oct-14,23.22,"12,709,221.00"
3-Oct-14,23.34,"12,709,221.00"
2-Oct-14,23.24,"12,484,221.00"
1-Oct-14,23.4,"12,484,221.00"
30-Sep-14,23.21,"12,484,221.00"
29-Sep-14,23.09,"12,484,221.00"
26-Sep-14,23.31,"12,484,221.00"
25-Sep-14,23.6,"12,484,221.00"
24-Sep-14,23.57,"13,159,221.00"
23-Sep-14,23.74,"13,159,221.00"
22-Sep-14,23.51,"12,934,221.00"
19-Sep-14,23.82,"12,934,221.00"
18-Sep-14,23.75,"12,934,221.00"
17-Sep-14,23.71,"12,934,221.00"
16-Sep-14,23.88,"12,934,221.00"
15-Sep-14,24,"12,934,221.00"
12-Sep-14,24.26,"12,934,221.00"
11-Sep-14,24.32,"12,934,221.00"
10-Sep-14,24.45,"12,934,221.00"
9-Sep-14,24.57,"12,934,221.00"
8-Sep-14,24.43,"12,934,221.00"
5-Sep-14,24.51,"12,934,221.00"
4-Sep-14,24.64,"12,934,221.00"
3-Sep-14,24.75,"12,934,221.00"
2-Sep-14,24.71,"12,934,221.00"
1-Sep-14,24.57,"12,934,221.00"
29-Aug-14,24.54,"12,934,221.00"
28-Aug-14,24.51,"12,934,221.00"
27-Aug-14,24.62,"12,934,221.00"
26-Aug-14,24.5,"12,934,221.00"
25-Aug-14,24.49,"12,934,221.00"
22-Aug-14,24.54,"12,934,221.00"
21-Aug-14,24.51,"12,934,221.00"
20-Aug-14,24.48,"12,934,221.00"
19-Aug-14,24.43,"12,784,221.00"
18-Aug-14,24.2,"12,784,221.00"
15-Aug-14,24.11,"12,784,221.00"
14-Aug-14,24.03,"12,784,221.00"
13-Aug-14,23.89,"12,784,221.00"
12-Aug-14,23.94,"12,634,221.00"
11-Aug-14,23.63,"12,634,221.00"
8-Aug-14,23.53,"12,634,221.00"
7-Aug-14,23.85,"12,634,221.00"
6-Aug-14,23.86,"12,634,221.00"
5-Aug-14,23.89,"12,634,221.00"
4-Aug-14,23.99,"12,634,221.00"
1-Aug-14,24.06,"12,634,221.00"
31-Jul-14,24.38,"12,634,221.00"
30-Jul-14,24.34,"12,634,221.00"
29-Jul-14,24.19,"12,634,221.00"
28-Jul-14,24.14,"14,134,221.00"
25-Jul-14,24.17,"14,134,221.00"
24-Jul-14,24.18,"14,134,221.00"
23-Jul-14,24.14,"14,134,221.00"
22-Jul-14,23.99,"13,984,221.00"
21-Jul-14,23.98,"13,984,221.00"
18-Jul-14,23.95,"13,984,221.00"
17-Jul-14,23.9,"13,984,221.00"
16-Jul-14,23.89,"13,984,221.00"
15-Jul-14,23.86,"13,984,221.00"
14-Jul-14,23.86,"13,984,221.00"
11-Jul-14,23.75,"13,984,221.00"
10-Jul-14,23.65,"13,984,221.00"
9-Jul-14,23.6,"13,984,221.00"
8-Jul-14,23.84,"13,984,221.00"
7-Jul-14,23.88,"13,984,221.00"
4-Jul-14,23.9,"13,984,221.00"
3-Jul-14,23.76,"13,983,520.00"
2-Jul-14,23.6,"13,983,520.00"
1-Jul-14,23.26,"13,983,520.00"
30-Jun-14,23.45,"13,981,617.00"
27-Jun-14,23.67,"13,981,617.00"
26-Jun-14,23.75,"13,981,617.00"
25-Jun-14,23.43,"13,981,617.00"
24-Jun-14,23.55,"13,981,617.00"
23-Jun-14,23.64,"13,981,617.00"
20-Jun-14,23.49,"13,981,617.00"
19-Jun-14,23.7,"13,981,617.00"
18-Jun-14,23.33,"13,981,617.00"
17-Jun-14,23.41,"13,981,617.00"
16-Jun-14,23.46,"13,981,617.00"
13-Jun-14,23.43,"13,981,617.00"
12-Jun-14,23.53,"13,981,617.00"
11-Jun-14,23.64,"13,981,617.00"
10-Jun-14,23.71,"13,831,617.00"
6-Jun-14,23.68,"13,831,617.00"
5-Jun-14,23.57,"13,831,617.00"
4-Jun-14,23.61,"13,831,617.00"
3-Jun-14,23.76,"13,831,617.00"
2-Jun-14,23.93,"13,831,617.00"
31-May-14,--,--
30-May-14,23.82,"13,831,617.00"
29-May-14,23.93,"13,831,617.00"
28-May-14,23.96,"13,831,617.00"
27-May-14,23.89,"13,831,617.00"
26-May-14,23.9,"13,831,617.00"
23-May-14,23.82,"13,831,617.00"
22-May-14,23.76,"13,831,617.00"
21-May-14,23.52,"13,831,617.00"
20-May-14,23.5,"13,831,617.00"
19-May-14,23.45,"13,831,617.00"
16-May-14,23.76,"13,831,617.00"
15-May-14,23.89,"13,381,617.00"
14-May-14,23.83,"13,381,617.00"
13-May-14,23.73,"13,381,617.00"
12-May-14,23.52,"13,381,617.00"
9-May-14,23.58,"13,381,617.00"
8-May-14,23.6,"13,381,617.00"
7-May-14,23.43,"13,381,617.00"
6-May-14,23.62,"13,381,617.00"
5-May-14,23.54,"13,381,617.00"
2-May-14,23.52,"13,381,617.00"
1-May-14,23.48,"13,381,617.00"
30-Apr-14,23.66,"13,381,617.00"
29-Apr-14,23.65,"13,381,617.00"
28-Apr-14,23.87,"13,381,617.00"
24-Apr-14,23.84,"13,381,617.00"
23-Apr-14,23.79,"13,381,617.00"
22-Apr-14,23.63,"13,381,617.00"
17-Apr-14,23.52,"13,381,617.00"
16-Apr-14,23.38,"13,381,617.00"
15-Apr-14,23.24,"13,381,617.00"
14-Apr-14,23.12,"13,381,617.00"
11-Apr-14,23.41,"13,381,617.00"
10-Apr-14,23.64,"13,381,617.00"
9-Apr-14,23.56,"13,374,411.00"
8-Apr-14,23.33,"13,374,411.00"
7-Apr-14,23.34,"13,374,411.00"
4-Apr-14,23.37,"13,374,411.00"
3-Apr-14,23.32,"11,874,411.00"
2-Apr-14,23.51,"11,870,970.00"
1-Apr-14,23.45,"11,870,970.00"
31-Mar-14,23.47,"11,870,970.00"
28-Mar-14,23.35,"11,870,970.00"
27-Mar-14,23.28,"11,870,970.00"
26-Mar-14,23.39,"11,870,970.00"
25-Mar-14,23.21,"11,870,970.00"
24-Mar-14,23.25,"11,870,970.00"
21-Mar-14,23.21,"11,870,970.00"
20-Mar-14,23.02,"11,870,970.00"
19-Mar-14,23.29,"11,870,970.00"
18-Mar-14,23.24,"11,870,970.00"
17-Mar-14,23.13,"11,870,970.00"
14-Mar-14,23.16,"11,870,970.00"
13-Mar-14,23.52,"11,645,970.00"
12-Mar-14,23.39,"11,645,970.00"
11-Mar-14,23.52,"11,645,970.00"
10-Mar-14,23.51,"11,645,970.00"
7-Mar-14,23.73,"11,645,970.00"
6-Mar-14,23.65,"11,645,970.00"
5-Mar-14,23.65,"11,645,970.00"
4-Mar-14,23.43,"11,645,970.00"
3-Mar-14,23.36,"11,645,970.00"
28-Feb-14,23.4,"11,645,970.00"
27-Feb-14,23.43,"11,645,970.00"
26-Feb-14,23.53,"11,645,970.00"
25-Feb-14,23.51,"11,645,970.00"
24-Feb-14,23.52,"11,645,970.00"
21-Feb-14,23.45,"11,645,970.00"
20-Feb-14,23.33,"11,645,970.00"
19-Feb-14,23.31,"11,645,970.00"
18-Feb-14,23.25,"11,645,970.00"
17-Feb-14,23.2,"11,645,970.00"
14-Feb-14,23.03,"11,645,970.00"
13-Feb-14,22.82,"11,645,970.00"
12-Feb-14,22.84,"11,645,970.00"
11-Feb-14,22.6,"11,645,970.00"
10-Feb-14,22.45,"11,645,970.00"
7-Feb-14,22.21,"11,645,970.00"
6-Feb-14,22.05,"11,645,970.00"
5-Feb-14,21.79,"11,645,970.00"
4-Feb-14,21.91,"11,645,970.00"
3-Feb-14,22.29,"11,045,970.00"
31-Jan-14,22.3,"11,045,970.00"
30-Jan-14,22.3,"11,045,970.00"
29-Jan-14,22.47,"11,045,970.00"
28-Jan-14,22.24,"11,045,970.00"
24-Jan-14,22.52,"11,045,970.00"
23-Jan-14,22.62,"10,745,970.00"
22-Jan-14,22.87,"10,745,970.00"
21-Jan-14,22.91,"10,745,970.00"
20-Jan-14,22.76,"10,745,970.00"
17-Jan-14,22.8,"10,745,970.00"
16-Jan-14,22.81,"10,745,970.00"
15-Jan-14,22.54,"10,745,970.00"
14-Jan-14,22.4,"10,745,970.00"
13-Jan-14,22.74,"10,745,970.00"
10-Jan-14,22.83,"10,745,970.00"
9-Jan-14,22.87,"10,745,970.00"
8-Jan-14,22.84,"10,745,970.00"
7-Jan-14,22.84,"10,745,970.00"
6-Jan-14,22.88,"10,745,199.00"
3-Jan-14,22.98,"10,745,199.00"
2-Jan-14,23.06,"10,745,199.00"
31-Dec-13,22.99,"10,745,199.00"
30-Dec-13,23.01,"10,745,199.00"
27-Dec-13,23.12,"10,742,037.00"
24-Dec-13,23.13,"10,742,037.00"
23-Dec-13,22.98,"10,742,037.00"
20-Dec-13,22.82,"10,742,037.00"
19-Dec-13,22.55,"10,742,037.00"
18-Dec-13,22.09,"10,742,037.00"
17-Dec-13,22.12,"10,742,037.00"
16-Dec-13,22.06,"10,742,037.00"
13-Dec-13,22.11,"10,742,037.00"
12-Dec-13,21.95,"10,742,037.00"
11-Dec-13,22.13,"10,742,037.00"
10-Dec-13,22.31,"10,742,037.00"
9-Dec-13,22.31,"10,742,037.00"
6-Dec-13,22.49,"10,592,037.00"
5-Dec-13,22.55,"10,592,037.00"
4-Dec-13,22.88,"10,592,037.00"
3-Dec-13,22.8,"10,592,037.00"
2-Dec-13,22.9,"10,592,037.00"
29-Nov-13,23.08,"10,592,037.00"
28-Nov-13,23.14,"10,592,037.00"
27-Nov-13,23.13,"10,592,037.00"
26-Nov-13,23.23,"10,592,037.00"
25-Nov-13,23.21,"10,592,037.00"
22-Nov-13,23.14,"10,592,037.00"
21-Nov-13,22.94,"10,592,037.00"
20-Nov-13,23.02,"10,592,037.00"
19-Nov-13,23.22,"10,592,037.00"
18-Nov-13,23.35,"10,592,037.00"
15-Nov-13,23.42,"10,592,037.00"
14-Nov-13,23.22,"10,592,037.00"
13-Nov-13,23.06,"10,592,037.00"
12-Nov-13,23.38,"10,592,037.00"
11-Nov-13,23.36,"10,217,037.00"
8-Nov-13,23.42,"10,217,037.00"
7-Nov-13,23.46,"10,217,037.00"
6-Nov-13,23.43,"10,217,037.00"
5-Nov-13,23.42,"10,217,037.00"
4-Nov-13,23.24,"10,217,037.00"
1-Nov-13,23.33,"10,217,037.00"
31-Oct-13,23.39,"10,217,037.00"
30-Oct-13,23.42,"10,217,037.00"
29-Oct-13,23.36,"10,217,037.00"
28-Oct-13,23.47,"10,217,037.00"
25-Oct-13,23.23,"10,217,037.00"
24-Oct-13,23.16,"10,217,037.00"
23-Oct-13,23.08,"10,217,037.00"
22-Oct-13,23.16,"10,217,037.00"
21-Oct-13,23.06,"10,217,037.00"
18-Oct-13,22.93,"10,217,037.00"
17-Oct-13,22.76,"10,217,037.00"
16-Oct-13,22.67,"10,217,037.00"
15-Oct-13,22.66,"10,217,037.00"
14-Oct-13,22.44,"10,217,037.00"
11-Oct-13,22.54,"10,217,037.00"
10-Oct-13,22.18,"10,216,054.00"
9-Oct-13,22.21,"10,216,054.00"
8-Oct-13,22.19,"10,216,054.00"
7-Oct-13,22.24,"10,216,054.00"
4-Oct-13,22.44,"10,216,054.00"
3-Oct-13,22.56,"10,216,054.00"
2-Oct-13,22.84,"10,212,475.00"
1-Oct-13,22.8,"10,212,475.00"
30-Sep-13,22.85,"10,212,475.00"
27-Sep-13,23.24,"10,212,475.00"
26-Sep-13,23.18,"10,212,475.00"
25-Sep-13,23.1,"10,212,475.00"
24-Sep-13,22.93,"10,212,475.00"
23-Sep-13,23.01,"10,212,475.00"
20-Sep-13,23.11,"10,212,475.00"
19-Sep-13,23.19,"10,212,475.00"
18-Sep-13,22.94,"10,212,475.00"
17-Sep-13,22.99,"10,212,475.00"
16-Sep-13,22.97,"10,212,475.00"
13-Sep-13,22.85,"10,212,475.00"
12-Sep-13,22.95,"10,212,475.00"
11-Sep-13,22.92,"10,212,475.00"
10-Sep-13,22.78,"10,212,475.00"
9-Sep-13,22.69,"10,212,475.00"
6-Sep-13,22.5,"10,212,475.00"
5-Sep-13,22.49,"10,212,475.00"
4-Sep-13,22.56,"10,212,475.00"
3-Sep-13,22.71,"10,212,475.00"
2-Sep-13,22.67,"10,212,475.00"
30-Aug-13,22.38,"10,212,475.00"
29-Aug-13,22.19,"10,212,475.00"
28-Aug-13,22.16,"10,212,475.00"
27-Aug-13,22.39,"10,212,475.00"
26-Aug-13,22.35,"9,837,475.00"
23-Aug-13,22.28,"9,837,475.00"
22-Aug-13,22.07,"9,837,475.00"
21-Aug-13,22.17,"9,837,475.00"
20-Aug-13,22.08,"9,837,475.00"
19-Aug-13,22.21,"9,837,475.00"
16-Aug-13,22.13,"9,837,475.00"
15-Aug-13,22.3,"9,837,475.00"
14-Aug-13,22.32,"9,837,475.00"
13-Aug-13,22.31,"9,837,475.00"
12-Aug-13,22.1,"9,837,475.00"
9-Aug-13,21.87,"9,837,475.00"
8-Aug-13,21.9,"9,837,475.00"
7-Aug-13,21.66,"9,837,475.00"
6-Aug-13,22.08,"9,837,475.00"
5-Aug-13,22.1,"9,837,475.00"
2-Aug-13,22.13,"9,837,475.00"
1-Aug-13,21.89,"9,837,475.00"
31-Jul-13,21.86,"9,837,475.00"
30-Jul-13,21.84,"9,837,475.00"
29-Jul-13,21.84,"9,837,475.00"
26-Jul-13,21.82,"9,837,475.00"
25-Jul-13,21.79,"9,837,475.00"
24-Jul-13,21.79,"9,837,475.00"
23-Jul-13,21.71,"9,837,475.00"
22-Jul-13,21.64,"9,837,475.00"
19-Jul-13,21.52,"9,837,475.00"
18-Jul-13,21.61,"9,837,475.00"
17-Jul-13,21.56,"9,462,475.00"
16-Jul-13,21.58,"9,462,475.00"
15-Jul-13,21.55,"9,462,475.00"
12-Jul-13,21.53,"9,462,475.00"
11-Jul-13,21.49,"9,462,475.00"
10-Jul-13,21.21,"9,462,475.00"
9-Jul-13,21.12,"9,462,475.00"
8-Jul-13,20.8,"9,462,475.00"
5-Jul-13,20.95,"9,462,131.00"
4-Jul-13,20.74,"9,462,131.00"
3-Jul-13,20.53,"9,462,131.00"
2-Jul-13,20.92,"9,462,131.00"
1-Jul-13,20.39,"9,462,131.00"
28-Jun-13,20.94,"9,460,850.00"
27-Jun-13,20.97,"9,460,850.00"
26-Jun-13,20.62,"9,460,850.00"
25-Jun-13,20.29,"9,460,850.00"
24-Jun-13,20.34,"9,460,850.00"
21-Jun-13,20.61,"9,085,850.00"
20-Jun-13,20.7,"9,085,850.00"
19-Jun-13,21.16,"9,085,850.00"
18-Jun-13,20.96,"9,085,850.00"
17-Jun-13,21.01,"9,085,850.00"
14-Jun-13,20.86,"9,085,850.00"
13-Jun-13,20.45,"9,085,850.00"
12-Jun-13,20.56,"9,085,850.00"
11-Jun-13,20.7,"9,085,850.00"
7-Jun-13,20.63,"9,085,850.00"
6-Jun-13,20.81,"9,085,850.00"
5-Jun-13,21.05,"9,085,850.00"
4-Jun-13,21.34,"9,085,850.00"
3-Jun-13,21.28,"9,085,850.00"
31-May-13,21.44,"9,085,850.00"
30-May-13,21.46,"9,085,850.00"
29-May-13,21.61,"9,085,850.00"
28-May-13,21.6,"8,710,850.00"
27-May-13,21.56,"8,710,850.00"
24-May-13,21.66,"8,710,850.00"
23-May-13,22,"8,710,850.00"
22-May-13,22.46,"8,710,850.00"
21-May-13,22.53,"8,710,850.00"
20-May-13,22.66,"8,710,850.00"
17-May-13,22.53,"8,710,850.00"
16-May-13,22.47,"8,710,850.00"
15-May-13,22.59,"8,710,850.00"
14-May-13,22.71,"8,710,850.00"
13-May-13,22.67,"8,710,850.00"
10-May-13,22.6,"8,410,850.00"
9-May-13,22.57,"8,410,850.00"
8-May-13,22.54,"8,410,850.00"
7-May-13,22.3,"8,410,850.00"
6-May-13,22.36,"8,410,850.00"
3-May-13,22.24,"8,410,850.00"
2-May-13,22.25,"8,410,850.00"
1-May-13,22.42,"8,410,850.00"
30-Apr-13,22.53,"8,410,850.00"
29-Apr-13,22.24,"8,410,850.00"
26-Apr-13,22.12,"8,410,850.00"
24-Apr-13,22.14,"8,410,850.00"
23-Apr-13,21.76,"8,410,850.00"
22-Apr-13,21.55,"8,410,850.00"
19-Apr-13,21.4,"8,410,850.00"
18-Apr-13,21.37,"8,410,850.00"
17-Apr-13,21.72,"8,410,850.00"
16-Apr-13,21.49,"8,410,850.00"
15-Apr-13,21.56,"8,410,850.00"
12-Apr-13,21.75,"8,410,850.00"
11-Apr-13,21.72,"8,410,850.00"
10-Apr-13,21.56,"8,410,850.00"
9-Apr-13,21.59,"8,410,850.00"
8-Apr-13,21.28,"8,410,000.00"
5-Apr-13,21.22,"8,410,000.00"
4-Apr-13,21.32,"8,410,000.00"
3-Apr-13,21.51,"8,410,000.00"
2-Apr-13,21.64,"7,960,000.00"
28-Mar-13,21.81,"7,958,519.00"
27-Mar-13,21.93,"7,958,519.00"
26-Mar-13,21.74,"7,958,519.00"
25-Mar-13,21.92,"7,958,519.00"
22-Mar-13,21.82,"7,958,519.00"
21-Mar-13,21.78,"7,958,519.00"
20-Mar-13,21.81,"7,958,519.00"
19-Mar-13,21.9,"7,958,519.00"
18-Mar-13,22.02,"7,958,519.00"
15-Mar-13,22.46,"7,958,519.00"
14-Mar-13,22.07,"7,958,519.00"
13-Mar-13,22.33,"7,958,519.00"
12-Mar-13,22.44,"7,958,519.00"
11-Mar-13,22.57,"7,958,519.00"
8-Mar-13,22.47,"7,958,519.00"
7-Mar-13,22.41,"7,958,519.00"
6-Mar-13,22.44,"7,958,519.00"
5-Mar-13,22.25,"7,958,519.00"
4-Mar-13,21.96,"7,583,519.00"
1-Mar-13,22.23,"7,583,519.00"
28-Feb-13,22.31,"7,583,519.00"
27-Feb-13,22.01,"7,583,519.00"
26-Feb-13,21.87,"7,583,519.00"
25-Feb-13,22.09,"7,583,519.00"
22-Feb-13,21.91,"7,583,519.00"
21-Feb-13,21.74,"7,583,519.00"
20-Feb-13,22.25,"7,583,519.00"
19-Feb-13,22.17,"7,583,519.00"
18-Feb-13,22.07,"7,583,519.00"
15-Feb-13,21.86,"7,583,519.00"
14-Feb-13,21.88,"7,583,519.00"
13-Feb-13,21.72,"7,583,519.00"
12-Feb-13,21.53,"7,583,519.00"
11-Feb-13,21.53,"7,583,519.00"
8-Feb-13,21.58,"7,283,519.00"
7-Feb-13,21.41,"7,283,519.00"
6-Feb-13,21.34,"7,283,519.00"
5-Feb-13,21.18,"7,283,519.00"
4-Feb-13,21.29,"7,283,519.00"
1-Feb-13,21.35,"7,283,519.00"
31-Jan-13,21.16,"7,283,519.00"
30-Jan-13,21.24,"7,283,519.00"
29-Jan-13,21.21,"7,283,519.00"
25-Jan-13,20.98,"7,283,519.00"
24-Jan-13,20.87,"7,283,519.00"
23-Jan-13,20.77,"7,283,519.00"
22-Jan-13,20.73,"7,283,519.00"
21-Jan-13,20.72,"7,283,519.00"
18-Jan-13,20.7,"7,283,519.00"
17-Jan-13,20.64,"7,283,519.00"
16-Jan-13,20.56,"7,283,519.00"
15-Jan-13,20.47,"7,283,519.00"
14-Jan-13,20.48,"7,283,519.00"
11-Jan-13,20.43,"7,283,519.00"
10-Jan-13,20.5,"7,283,519.00"
9-Jan-13,20.43,"7,283,519.00"
8-Jan-13,20.35,"6,983,519.00"
7-Jan-13,20.47,"6,983,519.00"
4-Jan-13,20.49,"6,983,519.00"
3-Jan-13,20.56,"6,983,519.00"
2-Jan-13,20.41,"6,983,519.00"
31-Dec-12,20.17,"6,983,519.00"
28-Dec-12,20.27,"6,983,519.00"
27-Dec-12,20.17,"6,983,519.00"
24-Dec-12,20.11,"6,983,519.00"
21-Dec-12,20.06,"6,983,519.00"
20-Dec-12,20.07,"6,983,519.00"
19-Dec-12,20,"6,983,519.00"
18-Dec-12,19.9,"6,983,519.00"
17-Dec-12,19.81,"6,983,519.00"
14-Dec-12,19.85,"6,982,378.00"
13-Dec-12,19.85,"6,982,361.00"
12-Dec-12,19.85,"6,982,361.00"
11-Dec-12,19.82,"6,982,361.00"
10-Dec-12,19.74,"6,982,361.00"
7-Dec-12,19.94,"6,981,227.00"
6-Dec-12,19.76,"6,981,227.00"
5-Dec-12,19.8,"6,981,227.00"
4-Dec-12,19.73,"6,981,227.00"
3-Dec-12,19.85,"6,981,227.00"
30-Nov-12,19.74,"6,531,227.00"
29-Nov-12,19.62,"6,531,227.00"
28-Nov-12,19.49,"6,531,227.00"
27-Nov-12,19.53,"6,531,227.00"
26-Nov-12,19.38,"6,531,227.00"
23-Nov-12,19.33,"6,531,227.00"
22-Nov-12,19.33,"6,531,227.00"
21-Nov-12,19.14,"6,531,227.00"
20-Nov-12,19.21,"6,531,227.00"
19-Nov-12,19.1,"6,531,227.00"
16-Nov-12,19,"6,531,227.00"
15-Nov-12,19.05,"6,531,227.00"
14-Nov-12,19.22,"6,531,227.00"
13-Nov-12,19.18,"6,531,227.00"
12-Nov-12,19.47,"6,531,227.00"
9-Nov-12,19.53,"6,531,227.00"
8-Nov-12,19.54,"6,156,227.00"
7-Nov-12,19.64,"6,156,227.00"
6-Nov-12,19.51,"6,156,227.00"
5-Nov-12,19.46,"6,156,227.00"
2-Nov-12,19.4,"6,156,227.00"
1-Nov-12,19.39,"6,156,227.00"
31-Oct-12,19.64,"6,156,227.00"
30-Oct-12,19.51,"6,156,227.00"
29-Oct-12,19.47,"6,156,227.00"
26-Oct-12,19.45,"6,156,227.00"
25-Oct-12,19.61,"6,156,227.00"
24-Oct-12,19.58,"6,156,227.00"
23-Oct-12,19.75,"6,156,227.00"
22-Oct-12,19.74,"6,156,227.00"
19-Oct-12,19.87,"5,931,227.00"
18-Oct-12,19.82,"6,006,227.00"
17-Oct-12,19.68,"6,006,227.00"
16-Oct-12,19.52,"6,006,227.00"
15-Oct-12,19.49,"6,006,227.00"
12-Oct-12,19.5,"6,006,227.00"
11-Oct-12,19.48,"6,006,227.00"
10-Oct-12,19.51,"6,006,227.00"
9-Oct-12,19.57,"6,006,227.00"
8-Oct-12,19.47,"6,006,227.00"
5-Oct-12,19.53,"6,006,227.00"
4-Oct-12,19.35,"6,006,227.00"
3-Oct-12,19.29,"6,006,227.00"
2-Oct-12,19.26,"6,006,227.00"
28-Sep-12,19.06,"6,006,227.00"
27-Sep-12,19.05,"6,006,227.00"
26-Sep-12,18.95,"6,006,227.00"
25-Sep-12,19,"5,856,227.00"
24-Sep-12,19.06,"5,856,227.00"
21-Sep-12,19.15,"5,856,227.00"
20-Sep-12,19.09,"5,855,883.00"
19-Sep-12,19.19,"5,855,881.00"
18-Sep-12,19.09,"5,855,881.00"
17-Sep-12,19.12,"5,855,881.00"
14-Sep-12,19.06,"5,855,881.00"
13-Sep-12,18.98,"5,855,098.00"
12-Sep-12,19.07,"5,855,098.00"
11-Sep-12,18.91,"5,855,098.00"
10-Sep-12,18.95,"5,855,098.00"
7-Sep-12,18.89,"5,855,098.00"
6-Sep-12,18.84,"5,855,098.00"
5-Sep-12,18.69,"5,855,098.00"
4-Sep-12,18.8,"5,855,098.00"
3-Sep-12,18.9,"5,705,098.00"
31-Aug-12,18.8,"5,705,098.00"
30-Aug-12,18.79,"5,705,098.00"
29-Aug-12,18.96,"5,705,098.00"
28-Aug-12,18.97,"5,705,098.00"
27-Aug-12,18.9,"5,705,098.00"
24-Aug-12,18.91,"5,705,098.00"
23-Aug-12,19.04,"5,705,098.00"
22-Aug-12,19.01,"5,705,098.00"
21-Aug-12,19.05,"5,705,098.00"
20-Aug-12,18.94,"5,705,098.00"
17-Aug-12,18.87,"5,555,098.00"
16-Aug-12,18.7,"5,555,098.00"
15-Aug-12,18.49,"5,555,098.00"
14-Aug-12,18.53,"5,555,098.00"
13-Aug-12,18.49,"5,555,098.00"
10-Aug-12,18.45,"5,555,098.00"
9-Aug-12,18.59,"5,555,098.00"
8-Aug-12,18.6,"5,555,098.00"
7-Aug-12,18.52,"5,555,098.00"
3-Aug-12,18.22,"5,555,098.00"
2-Aug-12,18.43,"5,555,098.00"
1-Aug-12,18.4,"5,555,098.00"
31-Jul-12,18.43,"5,555,098.00"
30-Jul-12,18.32,"5,555,098.00"
27-Jul-12,18.17,"5,555,098.00"
26-Jul-12,17.91,"5,405,098.00"
25-Jul-12,17.81,"5,405,098.00"
24-Jul-12,17.85,"5,405,098.00"
23-Jul-12,17.83,"5,405,098.00"
20-Jul-12,18.13,"5,405,098.00"
19-Jul-12,18.16,"5,405,098.00"
18-Jul-12,17.8,"5,405,098.00"
17-Jul-12,17.88,"5,405,098.00"
16-Jul-12,17.72,"5,405,098.00"
13-Jul-12,17.63,"5,405,098.00"
12-Jul-12,17.57,"5,255,098.00"
11-Jul-12,17.69,"5,255,098.00"
10-Jul-12,17.69,"5,255,098.00"
9-Jul-12,17.78,"5,255,098.00"
6-Jul-12,17.95,"5,254,445.00"
5-Jul-12,18,"5,254,471.00"
4-Jul-12,18.01,"5,254,471.00"
3-Jul-12,17.81,"5,254,471.00"
2-Jul-12,17.84,"5,254,471.00"
29-Jun-12,17.9,"5,253,191.00"
28-Jun-12,17.68,"5,253,191.00"
27-Jun-12,17.68,"5,253,191.00"
26-Jun-12,17.56,"5,103,191.00"
25-Jun-12,17.62,"5,103,191.00"
22-Jun-12,17.67,"5,103,191.00"
21-Jun-12,17.84,"5,103,191.00"
20-Jun-12,18.04,"5,103,191.00"
19-Jun-12,18,"5,103,191.00"
18-Jun-12,18.05,"4,953,191.00"
15-Jun-12,17.71,"4,953,191.00"
14-Jun-12,17.64,"4,953,191.00"
13-Jun-12,17.74,"4,953,191.00"
12-Jun-12,17.78,"4,953,191.00"
8-Jun-12,17.74,"4,953,191.00"
7-Jun-12,17.94,"4,953,191.00"
6-Jun-12,17.71,"4,953,191.00"
5-Jun-12,17.66,"4,953,191.00"
4-Jun-12,17.4,"4,953,191.00"
1-Jun-12,17.74,"4,953,191.00"
31-May-12,17.79,"4,953,191.00"
30-May-12,17.83,"4,953,191.00"
29-May-12,17.92,"4,953,191.00"
28-May-12,17.72,"4,953,191.00"
25-May-12,17.55,"4,953,191.00"
24-May-12,17.66,"4,953,191.00"
23-May-12,17.71,"4,953,191.00"
22-May-12,17.94,"4,953,191.00"
21-May-12,17.74,"4,953,191.00"
18-May-12,17.62,"4,953,191.00"
17-May-12,18.1,"4,953,191.00"
16-May-12,18.14,"4,953,191.00"
15-May-12,18.58,"4,953,191.00"
14-May-12,18.72,"4,953,191.00"
11-May-12,18.62,"4,953,191.00"
10-May-12,18.66,"4,953,191.00"
9-May-12,18.55,"4,953,191.00"
8-May-12,18.72,"4,953,191.00"
7-May-12,18.67,"4,953,191.00"
4-May-12,19.07,"4,953,191.00"
3-May-12,19.21,"4,953,191.00"
2-May-12,19.24,"4,953,191.00"
1-May-12,19.21,"4,728,191.00"
30-Apr-12,19.07,"4,728,191.00"
27-Apr-12,18.91,"4,728,191.00"
26-Apr-12,18.97,"4,728,191.00"
24-Apr-12,18.9,"4,728,191.00"
23-Apr-12,18.87,"4,728,191.00"
20-Apr-12,18.93,"4,728,191.00"
19-Apr-12,18.92,"4,728,191.00"
18-Apr-12,18.86,"4,728,191.00"
17-Apr-12,18.6,"4,728,191.00"
16-Apr-12,18.66,"4,728,191.00"
13-Apr-12,18.75,"4,503,191.00"
12-Apr-12,18.57,"4,503,191.00"
11-Apr-12,18.42,"4,503,191.00"
10-Apr-12,18.62,"4,503,191.00"
5-Apr-12,18.73,"4,503,191.00"
4-Apr-12,18.79,"4,503,191.00"
3-Apr-12,18.81,"4,503,191.00"
2-Apr-12,18.77,"4,503,191.00"
30-Mar-12,18.8,"4,503,191.00"
29-Mar-12,18.82,"4,503,191.00"
28-Mar-12,18.83,"4,503,191.00"
27-Mar-12,18.65,"4,503,191.00"
26-Mar-12,18.49,"4,503,191.00"
23-Mar-12,18.52,"4,503,191.00"
22-Mar-12,18.53,"4,503,191.00"
21-Mar-12,18.44,"4,503,191.00"
20-Mar-12,18.53,"4,503,191.00"
19-Mar-12,18.6,"4,503,191.00"
16-Mar-12,18.53,"4,503,191.00"
15-Mar-12,18.53,"4,503,191.00"
14-Mar-12,18.57,"4,353,191.00"
13-Mar-12,18.4,"4,353,191.00"
12-Mar-12,18.17,"4,353,191.00"
9-Mar-12,18.24,"4,502,831.00"
8-Mar-12,18.06,"4,502,820.00"
7-Mar-12,17.94,"4,352,820.00"
6-Mar-12,18.2,"4,352,820.00"
5-Mar-12,18.45,"4,352,820.00"
2-Mar-12,18.59,"4,352,373.00"
1-Mar-12,18.51,"4,352,373.00"
29-Feb-12,18.7,"4,352,373.00"
28-Feb-12,18.53,"4,352,373.00"
27-Feb-12,18.55,"4,352,373.00"
24-Feb-12,18.65,"4,352,373.00"
23-Feb-12,18.56,"4,352,373.00"
22-Feb-12,18.58,"4,352,373.00"
21-Feb-12,18.57,"4,352,373.00"
20-Feb-12,18.41,"4,352,373.00"
17-Feb-12,18.08,"4,352,373.00"
16-Feb-12,18.02,"4,202,373.00"
15-Feb-12,18.33,"4,202,373.00"
14-Feb-12,18.28,"4,202,373.00"
13-Feb-12,18.46,"4,202,373.00"
10-Feb-12,18.29,"4,202,373.00"
9-Feb-12,18.45,"4,202,373.00"
8-Feb-12,18.48,"4,202,373.00"
7-Feb-12,18.41,"4,202,373.00"
6-Feb-12,18.5,"4,202,373.00"
3-Feb-12,18.31,"4,202,373.00"
2-Feb-12,18.38,"4,202,373.00"
1-Feb-12,18.2,"4,052,373.00"
31-Jan-12,18.36,"4,052,373.00"
30-Jan-12,18.4,"4,052,373.00"
27-Jan-12,18.47,"4,052,373.00"
25-Jan-12,18.39,"4,052,373.00"
24-Jan-12,18.18,"4,052,373.00"
23-Jan-12,18.19,"4,052,373.00"
20-Jan-12,18.25,"4,052,373.00"
19-Jan-12,18.15,"4,052,373.00"
18-Jan-12,18.16,"4,052,373.00"
17-Jan-12,18.16,"4,052,373.00"
16-Jan-12,17.86,"4,052,373.00"
13-Jan-12,18.07,"4,052,373.00"
12-Jan-12,18.01,"4,052,373.00"
11-Jan-12,18.04,"2,927,373.00"
10-Jan-12,17.88,"2,927,373.00"
9-Jan-12,17.68,"2,927,373.00"
6-Jan-12,17.69,"2,927,373.00"
5-Jan-12,17.85,"2,927,373.00"
4-Jan-12,18.04,"2,927,373.00"
3-Jan-12,17.66,"2,927,373.00"
30-Dec-11,17.47,"2,927,373.00"
29-Dec-11,17.54,"2,927,373.00"
28-Dec-11,17.61,"2,927,373.00"
23-Dec-11,17.84,"2,927,373.00"
22-Dec-11,17.62,"2,927,373.00"
21-Dec-11,17.8,"2,927,373.00"
20-Dec-11,17.44,"2,927,373.00"
19-Dec-11,17.47,"2,927,373.00"
16-Dec-11,17.89,"2,927,373.00"
15-Dec-11,17.8,"2,927,128.00"
14-Dec-11,18.02,"2,927,128.00"
13-Dec-11,18.03,"2,927,128.00"
12-Dec-11,18.29,"2,927,128.00"
9-Dec-11,18.07,"2,927,128.00"
8-Dec-11,18.61,"2,926,394.00"
7-Dec-11,18.66,"2,926,394.00"
6-Dec-11,18.53,"2,926,394.00"
5-Dec-11,18.79,"2,701,394.00"
2-Dec-11,18.64,"2,701,394.00"
1-Dec-11,18.39,"2,701,394.00"
30-Nov-11,17.92,"2,701,394.00"
29-Nov-11,17.84,"2,701,394.00"
28-Nov-11,17.65,"2,551,394.00"
25-Nov-11,17.34,"2,551,394.00"
24-Nov-11,17.6,"2,551,394.00"
23-Nov-11,17.63,"2,551,394.00"
22-Nov-11,17.98,"2,551,394.00"
21-Nov-11,18.11,"2,551,394.00"
18-Nov-11,18.17,"2,551,394.00"
17-Nov-11,18.52,"2,551,394.00"
16-Nov-11,18.47,"2,551,394.00"
15-Nov-11,18.64,"2,551,394.00"
14-Nov-11,18.72,"2,551,394.00"
11-Nov-11,18.68,"2,551,394.00"
10-Nov-11,18.46,"2,551,394.00"
9-Nov-11,18.82,"2,551,394.00"
8-Nov-11,18.59,"2,551,394.00"
7-Nov-11,18.5,"2,551,394.00"
4-Nov-11,18.49,"2,551,394.00"
3-Nov-11,18.01,"2,551,394.00"
2-Nov-11,18.07,"2,326,394.00"
1-Nov-11,18.28,"2,326,394.00"
31-Oct-11,18.56,"2,326,394.00"
28-Oct-11,18.81,"2,326,394.00"
27-Oct-11,18.78,"2,326,394.00"
26-Oct-11,18.33,"2,326,394.00"
25-Oct-11,18.27,"2,326,394.00"
24-Oct-11,18.38,"2,326,394.00"
21-Oct-11,17.89,"2,326,394.00"
20-Oct-11,17.9,"2,326,394.00"
19-Oct-11,18.2,"2,326,394.00"
18-Oct-11,18.08,"2,326,394.00"
17-Oct-11,18.46,"2,326,394.00"
14-Oct-11,18.16,"2,326,394.00"
13-Oct-11,18.33,"2,326,394.00"
12-Oct-11,18.16,"2,326,394.00"
11-Oct-11,18.25,"2,326,394.00"
10-Oct-11,18.14,"2,326,394.00"
7-Oct-11,17.97,"2,326,394.00"
6-Oct-11,17.57,"2,326,394.00"
5-Oct-11,16.95,"2,326,394.00"
4-Oct-11,16.72,"2,326,394.00"
3-Oct-11,16.83,"2,326,394.00"
30-Sep-11,17.31,"2,326,394.00"
29-Sep-11,17.31,"2,326,394.00"
28-Sep-11,17.44,"2,326,394.00"
27-Sep-11,17.28,"2,101,394.00"
26-Sep-11,16.68,"2,101,394.00"
23-Sep-11,16.84,"2,101,394.00"
22-Sep-11,17.1,"2,101,394.00"
21-Sep-11,17.56,"2,101,394.00"
20-Sep-11,17.42,"2,101,394.00"
19-Sep-11,17.6,"2,101,394.00"
16-Sep-11,17.88,"2,101,394.00"
15-Sep-11,17.55,"2,101,241.00"
14-Sep-11,17.27,"2,101,233.00"
13-Sep-11,17.55,"2,101,233.00"
12-Sep-11,17.41,"2,101,233.00"
9-Sep-11,18.06,"2,101,233.00"
8-Sep-11,18.16,"2,100,836.00"
7-Sep-11,18.14,"2,100,836.00"
6-Sep-11,17.68,"2,100,836.00"
5-Sep-11,17.97,"2,100,836.00"
2-Sep-11,18.35,"2,100,836.00"
1-Sep-11,18.62,"2,100,836.00"
31-Aug-11,18.56,"2,100,836.00"
30-Aug-11,18.43,"2,100,836.00"
29-Aug-11,18.4,"2,100,836.00"
26-Aug-11,18.11,"2,100,836.00"
25-Aug-11,18.16,"2,100,836.00"
24-Aug-11,17.97,"2,100,836.00"
23-Aug-11,17.99,"2,100,836.00"
22-Aug-11,17.58,"2,100,836.00"
19-Aug-11,17.63,"2,100,836.00"
18-Aug-11,18.26,"2,100,836.00"
17-Aug-11,18.48,"2,400,836.00"
16-Aug-11,18.24,"2,400,836.00"
15-Aug-11,18.39,"2,400,836.00"
12-Aug-11,17.87,"2,400,836.00"
11-Aug-11,17.74,"2,400,836.00"
10-Aug-11,17.75,"2,400,836.00"
9-Aug-11,17.27,"2,400,836.00"
8-Aug-11,17.06,"2,400,836.00"
5-Aug-11,17.57,"2,400,836.00"
4-Aug-11,18.3,"2,400,836.00"
3-Aug-11,18.54,"2,400,836.00"
2-Aug-11,18.97,"2,400,836.00"
1-Aug-11,19.24,"2,400,836.00"
29-Jul-11,18.93,"2,400,836.00"
28-Jul-11,19.1,"2,400,836.00"
27-Jul-11,19.42,"2,400,836.00"
26-Jul-11,19.57,"2,400,836.00"
25-Jul-11,19.39,"2,400,836.00"
22-Jul-11,19.7,"2,025,836.00"
21-Jul-11,19.5,"2,025,836.00"
20-Jul-11,19.47,"2,025,836.00"
19-Jul-11,19.13,"2,025,836.00"
18-Jul-11,19.15,"2,025,836.00"
15-Jul-11,19.16,"2,025,836.00"
14-Jul-11,19.23,"2,025,836.00"
13-Jul-11,19.34,"2,025,836.00"
12-Jul-11,19.26,"2,025,836.00"
11-Jul-11,19.63,"2,025,836.00"
8-Jul-11,19.93,"2,025,836.00"
7-Jul-11,19.72,"2,025,657.00"
6-Jul-11,19.72,"1,950,660.00"
5-Jul-11,19.69,"1,950,660.00"
4-Jul-11,19.74,"1,950,657.00"
1-Jul-11,19.66,"1,950,658.00"
30-Jun-11,20.03,"1,950,015.00"
29-Jun-11,19.7,"1,950,015.00"
28-Jun-11,19.46,"1,950,015.00"
27-Jun-11,19.41,"1,950,015.00"
24-Jun-11,19.61,"1,950,015.00"
23-Jun-11,19.54,"1,950,015.00"
22-Jun-11,19.68,"1,950,015.00"
21-Jun-11,19.58,"1,950,015.00"
20-Jun-11,19.33,"1,950,015.00"
17-Jun-11,19.47,"1,950,015.00"
16-Jun-11,19.46,"1,950,015.00"
15-Jun-11,19.84,"1,950,015.00"
14-Jun-11,19.91,"1,950,015.00"
10-Jun-11,19.81,"1,950,015.00"
9-Jun-11,19.76,"1,950,015.00"
8-Jun-11,19.71,"1,950,015.00"
7-Jun-11,19.84,"1,950,015.00"
6-Jun-11,19.85,"1,950,015.00"
3-Jun-11,19.91,"1,950,015.00"
2-Jun-11,19.97,"1,950,015.00"
1-Jun-11,20.4,"1,950,015.00"
31-May-11,20.4,"1,950,015.00"
30-May-11,20.23,"1,950,015.00"
27-May-11,20.3,"1,950,015.00"
26-May-11,20.2,"1,950,015.00"
25-May-11,19.87,"1,950,015.00"
24-May-11,20.07,"1,950,015.00"
23-May-11,20.13,"1,950,015.00"
20-May-11,20.52,"1,950,015.00"
19-May-11,20.62,"1,950,015.00"
18-May-11,20.36,"1,950,015.00"
17-May-11,20.32,"1,950,015.00"
16-May-11,20.17,"1,950,015.00"
13-May-11,20.39,"1,950,015.00"
12-May-11,20.32,"1,950,015.00"
11-May-11,20.65,"1,950,015.00"
10-May-11,20.42,"1,950,015.00"
9-May-11,20.55,"1,950,015.00"
6-May-11,20.49,"1,950,015.00"
5-May-11,20.53,"1,950,015.00"
4-May-11,20.47,"1,950,015.00"
3-May-11,20.67,"1,950,015.00"
2-May-11,20.84,"1,950,015.00"
29-Apr-11,20.83,"1,950,015.00"
28-Apr-11,21.04,"1,950,015.00"
27-Apr-11,21.04,"1,950,015.00"
21-Apr-11,21.22,"1,950,015.00"
20-Apr-11,20.98,"1,950,015.00"
19-Apr-11,20.7,"1,950,015.00"
18-Apr-11,20.99,"1,950,015.00"
15-Apr-11,20.95,"1,950,015.00"
14-Apr-11,21.09,"1,950,015.00"
13-Apr-11,21.2,"1,950,015.00"
12-Apr-11,21.15,"1,950,015.00"
11-Apr-11,21.46,"1,950,015.00"
8-Apr-11,21.33,"1,950,015.00"
7-Apr-11,21.19,"1,950,015.00"
6-Apr-11,21.21,"1,950,015.00"
5-Apr-11,21.15,"1,950,015.00"
4-Apr-11,21.1,"1,950,015.00"
1-Apr-11,21,"1,950,015.00"
31-Mar-11,20.89,"1,950,015.00"
30-Mar-11,20.83,"1,950,015.00"
29-Mar-11,20.54,"1,950,015.00"
28-Mar-11,20.45,"1,950,015.00"
25-Mar-11,20.48,"1,950,015.00"
24-Mar-11,20.29,"1,950,015.00"
23-Mar-11,20.09,"1,950,015.00"
22-Mar-11,20.05,"1,950,015.00"
21-Mar-11,20.05,"1,950,015.00"
18-Mar-11,19.96,"1,950,015.00"
17-Mar-11,19.66,"1,950,015.00"
16-Mar-11,19.67,"1,950,015.00"
15-Mar-11,19.55,"1,950,015.00"
14-Mar-11,19.96,"1,950,015.00"
11-Mar-11,20.04,"1,950,015.00"
10-Mar-11,20.28,"1,950,015.00"
9-Mar-11,20.56,"1,950,015.00"
8-Mar-11,20.73,"1,950,015.00"
7-Mar-11,20.68,"1,950,015.00"
4-Mar-11,20.95,"1,950,000.00"
3-Mar-11,20.69,"1,950,000.00"
2-Mar-11,20.67,"1,950,000.00"
1-Mar-11,20.75,"1,950,000.00"
28-Feb-11,20.77,"1,950,000.00"
25-Feb-11,20.76,"1,950,000.00"
24-Feb-11,20.64,"1,950,000.00"
23-Feb-11,20.79,"1,950,000.00"
22-Feb-11,20.83,"1,950,000.00"
21-Feb-11,20.99,"1,950,000.00"
18-Feb-11,21.12,"1,950,000.00"
17-Feb-11,21.13,"1,950,000.00"
16-Feb-11,21.09,"1,875,000.00"
15-Feb-11,21.1,"1,875,000.00"
14-Feb-11,21.11,"1,875,000.00"
11-Feb-11,20.85,"1,875,000.00"
10-Feb-11,20.98,"1,875,000.00"
9-Feb-11,20.94,"1,875,000.00"
8-Feb-11,20.88,"1,875,000.00"
7-Feb-11,20.78,"1,875,000.00"
4-Feb-11,20.75,"1,875,000.00"
3-Feb-11,20.58,"1,875,000.00"
2-Feb-11,20.48,"1,875,000.00"
1-Feb-11,20.29,"1,875,000.00"
31-Jan-11,20.29,"1,875,000.00"
28-Jan-11,20.38,"1,875,000.00"
27-Jan-11,20.51,"1,875,000.00"
25-Jan-11,20.52,"1,875,000.00"
24-Jan-11,20.43,"1,875,000.00"
21-Jan-11,20.3,"1,875,000.00"
20-Jan-11,20.42,"1,875,000.00"
19-Jan-11,20.64,"1,875,000.00"
18-Jan-11,20.5,"2,025,000.00"
17-Jan-11,20.33,"2,025,000.00"
14-Jan-11,20.5,"2,025,000.00"
13-Jan-11,20.47,"2,025,000.00"
12-Jan-11,20.17,"2,025,000.00"
11-Jan-11,20.11,"2,025,000.00"
10-Jan-11,20.12,"2,025,000.00"
7-Jan-11,20.09,"2,025,000.00"
6-Jan-11,20.17,"2,025,000.00"
5-Jan-11,20.13,"2,025,000.00"
4-Jan-11,20.25,"2,025,000.00"
31-Dec-10,20.26,"2,025,000.00"
30-Dec-10,20.45,"2,025,000.00"
29-Dec-10,20.39,"2,025,000.00"
24-Dec-10,20.39,"2,025,000.00"
23-Dec-10,20.48,"2,025,000.00"
22-Dec-10,20.37,"2,025,000.00"
21-Dec-10,20.34,"2,025,000.00"
20-Dec-10,20.18,"2,025,000.00"
17-Dec-10,20.3,"2,025,000.00"
16-Dec-10,20.39,"2,025,000.00"
15-Dec-10,20.32,"2,025,000.00"
14-Dec-10,20.32,"2,025,000.00"
13-Dec-10,20.28,"2,025,000.00"
10-Dec-10,20.23,"2,025,000.00"
9-Dec-10,20.21,"2,025,000.00"
8-Dec-10,20.03,"2,025,000.00"
7-Dec-10,20.15,"2,025,000.00"
6-Dec-10,19.98,--
