time,Asia_50_Costs,JP_Morgan_USD_Emerging_Markets_Bond_AUD_Hedged_E_Costs,MSCI_Emerging_Markets_Costs,iShares_MSCI_South_Korea_ETF_Volume,close,Asia_50_Volume,JP_Morgan_USD_Emerging_Markets_Bond_AUD_Hedged_E_Volume,MSCI_Emerging_Markets_Volume,iShares MSCI South Korea ETF,volume
30-Jun-21,122.51,101.64,73.74,124.5,105.5975,"7,339,280.00","450,833.00","13,790,240.00","817,950.00","5,599,575.75"
1-Jul-21,122.51,101.64,73.74,124.5,105.5975,"7,339,280.00","450,833.00","13,798,640.00","818,763.00","5,601,879.00"
2-Jul-21,121.32,100.23,73.13,124.85,104.8825,"7,348,226.00","451,669.00","13,821,162.00","820,963.00","5,610,505.00"
5-Jul-21,120.54,100.27,72.92,124.18,104.4775,"7,348,226.00","451,669.00","13,678,362.00","822,063.00","5,575,080.00"
6-Jul-21,119.89,100.28,72.53,123.76,104.115,"7,348,226.00","451,669.00","13,678,362.00","821,290.00","5,574,886.75"
7-Jul-21,118.62,100.29,71.55,123.16,103.405,"7,347,506.00","451,003.00","13,668,045.00","822,390.00","5,572,236.00"
8-Jul-21,118.48,100.54,71.7,121.23,102.9875,"7,347,506.00","451,003.00","13,676,445.00","824,590.00","5,574,886.00"
9-Jul-21,116.26,100.46,70.68,121.23,102.1575,"7,353,306.00","451,003.00","13,676,445.00","824,590.00","5,576,336.00"
12-Jul-21,118.01,100.37,71.35,122,102.9325,"7,353,306.00","451,003.00","13,684,845.00","825,690.00","5,578,711.00"
13-Jul-21,117.78,100.33,71.33,122.1,102.885,"7,364,906.00","451,003.00","13,693,245.00","825,690.00","5,583,711.00"
14-Jul-21,119.23,100.57,71.65,122.78,103.5575,"7,370,706.00","451,003.00","13,693,245.00","826,790.00","5,585,436.00"
15-Jul-21,119.67,100.54,71.86,123.92,103.9975,"7,382,306.00","451,003.00","13,726,845.00","828,990.00","5,597,286.00"
16-Jul-21,120.51,100.65,72.41,123.13,104.175,"7,388,106.00","451,003.00","13,743,645.00","828,990.00","5,602,936.00"
19-Jul-21,119.86,100.78,72.14,121.48,103.565,"7,393,906.00","451,003.00","13,752,045.00","828,990.00","5,606,486.00"
20-Jul-21,118.83,100.68,71.63,123.59,103.6825,"7,405,506.00","451,003.00","13,768,845.00","830,090.00","5,613,861.00"
21-Jul-21,119.71,100.86,72.02,122.52,103.7775,"7,405,506.00","451,003.00","13,794,045.00","830,090.00","5,620,161.00"
22-Jul-21,119.36,100.59,72.24,122.83,103.755,"7,411,306.00","451,003.00","13,794,045.00","832,290.00","5,622,161.00"
23-Jul-21,119.38,100.78,71.98,123.17,103.8275,"7,417,106.00","451,003.00","13,802,445.00","833,390.00","5,625,986.00"
26-Jul-21,117.68,100.88,71.14,122.52,103.055,"7,422,906.00","451,003.00","13,819,245.00","834,490.00","5,631,911.00"
27-Jul-21,113.08,100.68,69.51,121.42,101.1725,"7,434,506.00","451,003.00","13,827,645.00","834,490.00","5,636,911.00"
28-Jul-21,110.74,100.4,68.17,123.28,100.6475,"7,451,906.00","451,003.00","13,852,845.00","835,590.00","5,647,836.00"
29-Jul-21,114.94,100.28,70.43,123.11,102.19,"7,463,506.00","451,003.00","13,869,645.00","832,290.00","5,654,111.00"
30-Jul-21,114.37,100.7,70.19,121.4,101.665,"7,463,506.00","451,003.00","13,894,845.00","833,390.00","5,660,686.00"
2-Aug-21,114.05,100.75,69.99,120.96,101.4375,"7,463,506.00","451,003.00","13,911,645.00","834,490.00","5,665,161.00"
3-Aug-21,114.27,101.17,70.26,122.75,102.1125,"7,463,506.00","451,003.00","13,920,045.00","835,590.00","5,667,536.00"
4-Aug-21,113.92,101.09,70.54,124.39,102.485,"7,463,506.00","451,003.00","13,928,445.00","835,590.00","5,669,636.00"
5-Aug-21,115.48,100.96,70.88,124.11,102.8575,"7,469,306.00","451,003.00","13,936,845.00","835,590.00","5,673,186.00"
6-Aug-21,114.35,100.99,70.45,123.59,102.345,"7,469,306.00","451,003.00","13,936,845.00","836,690.00","5,673,461.00"
9-Aug-21,114.21,100.65,70.42,123.8,102.27,"7,469,306.00","451,003.00","13,953,645.00","702,490.00","5,644,111.00"
10-Aug-21,115.66,100.44,70.85,121.86,102.2025,"7,469,306.00","451,003.00","14,188,845.00","702,490.00","5,702,911.00"
11-Aug-21,115.43,100.21,70.84,120.52,101.75,"7,475,106.00","451,003.00","14,197,245.00","702,490.00","5,706,461.00"
12-Aug-21,114.79,100.18,70.74,119.61,101.33,"7,480,906.00","451,003.00","14,197,245.00","702,490.00","5,707,911.00"
13-Aug-21,113.88,100.42,70.44,117.72,100.615,"7,486,706.00","451,003.00","14,222,445.00","702,490.00","5,715,661.00"
16-Aug-21,112.47,100.69,69.93,117.8,100.2225,"7,498,306.00","451,003.00","14,222,445.00","702,490.00","5,718,561.00"
17-Aug-21,111.76,100.87,69.66,116.32,99.6525,"7,509,906.00","451,003.00","14,247,645.00","706,890.00","5,728,861.00"
18-Aug-21,109.91,100.73,69.14,117.24,99.255,"7,521,506.00","451,003.00","14,272,845.00","690,390.00","5,733,936.00"
19-Aug-21,111.01,100.72,69.45,116.62,99.45,"7,556,306.00","451,003.00","14,298,045.00","690,390.00","5,748,936.00"
20-Aug-21,109.31,100.69,69.02,116.58,98.9,"7,498,306.00","451,003.00","14,323,245.00","692,590.00","5,741,286.00"
23-Aug-21,109.77,100.75,69.26,117.23,99.2525,"7,469,306.00","451,003.00","14,323,245.00","692,590.00","5,734,036.00"
24-Aug-21,110.64,100.9,69.58,118.26,99.845,"7,469,306.00","451,003.00","14,331,645.00","692,590.00","5,736,136.00"
25-Aug-21,113,101.01,70.49,118.4,100.725,"7,469,306.00","451,003.00","14,331,645.00","692,590.00","5,736,136.00"
26-Aug-21,112.94,101.07,70.62,117.22,100.4625,"7,451,906.00","451,003.00","14,348,445.00","693,690.00","5,736,261.00"
27-Aug-21,111.97,100.9,70.13,118.11,100.2775,"7,434,506.00","451,003.00","14,382,045.00","693,690.00","5,740,311.00"
30-Aug-21,111.75,101.28,70.51,117.09,100.1575,"7,434,506.00","451,003.00","14,390,445.00","693,690.00","5,742,411.00"
31-Aug-21,111.65,101.28,70.63,119.27,100.7075,"7,434,506.00","451,003.00","14,390,445.00","693,690.00","5,742,411.00"
1-Sep-21,113.54,101.77,71.5,119.6,101.6025,"7,405,506.00","451,003.00","14,398,845.00","694,790.00","5,737,536.00"
2-Sep-21,114.77,101.88,71.79,117.55,101.4975,"7,405,506.00","451,003.00","14,407,245.00","694,790.00","5,739,636.00"
3-Sep-21,113.13,102.14,71.13,118.45,101.2125,"7,405,506.00","451,003.00","14,407,245.00","694,790.00","5,739,636.00"
6-Sep-21,113.06,101.94,71.14,118.64,101.195,"7,405,506.00","451,003.00","14,424,045.00","694,790.00","5,743,836.00"
7-Sep-21,113.24,102.01,71.26,117.67,101.045,"7,405,506.00","451,003.00","14,424,045.00","694,790.00","5,743,836.00"
8-Sep-21,115.28,101.69,72.14,116.1,101.3025,"7,405,506.00","451,003.00","14,424,045.00","695,890.00","5,744,111.00"
9-Sep-21,113.87,101.68,71.34,113.96,100.2125,"7,411,306.00","441,003.00","14,440,845.00","696,990.00","5,747,536.00"
10-Sep-21,112.51,101.84,71,113.97,99.83,"7,411,306.00","441,003.00","14,449,245.00","698,090.00","5,749,911.00"
13-Sep-21,112.44,101.77,70.96,114.89,100.015,"7,422,906.00","441,003.00","14,457,645.00","698,090.00","5,754,911.00"
14-Sep-21,112.18,101.84,71.17,115.71,100.225,"7,440,306.00","441,003.00","14,491,245.00","699,190.00","5,767,936.00"
15-Sep-21,111.42,102.08,70.99,116.94,100.3575,"7,440,306.00","441,003.00","14,508,045.00","699,190.00","5,772,136.00"
16-Sep-21,110.91,101.93,71.01,115.55,99.85,"7,446,106.00","441,003.00","14,524,845.00","700,290.00","5,778,061.00"
17-Sep-21,110.27,101.72,70.7,114.85,99.385,"7,434,506.00","441,003.00","14,533,245.00","700,290.00","5,777,261.00"
20-Sep-21,110.33,101.4,70.43,112.35,98.6275,"7,434,506.00","441,003.00","14,566,845.00","701,390.00","5,785,936.00"
21-Sep-21,106.75,101.14,68.73,112.88,97.375,"7,434,506.00","441,003.00","14,566,845.00","714,590.00","5,789,236.00"
22-Sep-21,108.06,101.09,69.51,113.59,98.0625,"7,434,506.00","441,003.00","14,592,045.00","707,990.00","5,793,886.00"
23-Sep-21,108.99,101.18,70.05,115.53,98.9375,"7,434,506.00","441,003.00","14,592,045.00","707,990.00","5,793,886.00"
24-Sep-21,108.83,100.66,70.12,114.49,98.525,"7,434,506.00","441,003.00","14,516,445.00","707,990.00","5,774,986.00"
27-Sep-21,108.11,99.9,69.88,114.6,98.1225,"7,434,506.00","441,003.00","14,516,445.00","707,990.00","5,774,986.00"
28-Sep-21,109.16,99.62,69.98,112.55,97.8275,"7,434,506.00","441,003.00","14,524,845.00","707,990.00","5,777,086.00"
29-Sep-21,108.2,99.21,69.52,111.98,97.2275,"7,434,506.00","441,003.00","14,499,645.00","707,990.00","5,770,786.00"
30-Sep-21,107.88,99.32,69.33,112.28,97.2025,"7,434,506.00","441,003.00","14,482,845.00","707,990.00","5,766,586.00"
1-Oct-21,108.11,99.25,69.54,111.52,97.105,"7,434,506.00","441,003.00","14,541,645.00","707,990.00","5,781,286.00"
4-Oct-21,106.98,98.06,69.15,109.59,95.945,"7,434,506.00","441,705.00","14,533,245.00","707,990.00","5,779,361.50"
5-Oct-21,104.63,97.84,67.91,108.95,94.8325,"7,434,506.00","441,705.00","14,516,445.00","709,090.00","5,775,436.50"
6-Oct-21,105.37,97.55,68.39,106.9,94.5525,"7,434,506.00","441,705.00","14,516,445.00","709,090.00","5,775,436.50"
7-Oct-21,105.18,97.43,68.21,107.94,94.69,"7,434,506.00","441,082.00","14,541,645.00","710,190.00","5,781,855.75"
8-Oct-21,108.01,97.84,69.05,107.13,95.5075,"7,434,506.00","441,082.00","14,541,645.00","710,190.00","5,781,855.75"
11-Oct-21,108.12,97.47,69.27,106.17,95.2575,"7,440,306.00","441,082.00","14,541,645.00","710,190.00","5,783,305.75"
12-Oct-21,107.16,97.36,68.65,104.51,94.42,"7,440,306.00","441,082.00","14,541,645.00","711,290.00","5,783,580.75"
13-Oct-21,105.93,97.15,68.39,106.76,94.5575,"7,446,106.00","441,082.00","14,541,645.00","712,390.00","5,785,305.75"
14-Oct-21,107.65,97.73,69.18,107.71,95.5675,"7,463,506.00","441,082.00","14,575,245.00","712,390.00","5,798,055.75"
15-Oct-21,107.36,98.37,68.93,108.84,95.875,"7,492,506.00","441,082.00","14,541,645.00","714,590.00","5,797,455.75"
18-Oct-21,108.98,98.29,69.75,108.03,96.2625,"7,492,506.00","441,082.00","14,541,645.00","715,690.00","5,797,730.75"
19-Oct-21,108.85,97.92,69.69,109.05,96.3775,"7,504,106.00","441,082.00","14,541,645.00","715,690.00","5,800,630.75"
20-Oct-21,110.75,98.07,70.01,107.97,96.7,"7,515,706.00","441,082.00","14,566,845.00","715,690.00","5,809,830.75"
21-Oct-21,109.82,98.02,69.69,107.5,96.2575,"7,492,506.00","441,082.00","14,558,445.00","716,790.00","5,802,205.75"
22-Oct-21,109.69,97.76,69.31,107.89,96.1625,"7,492,506.00","441,082.00","14,558,445.00","717,890.00","5,802,480.75"
25-Oct-21,109.83,97.65,69.3,109.29,96.5175,"7,498,306.00","441,082.00","14,558,445.00","717,890.00","5,803,930.75"
26-Oct-21,110.06,97.99,69.62,109.79,96.865,"7,504,106.00","441,082.00","14,558,445.00","717,890.00","5,805,380.75"
27-Oct-21,108.96,98.19,69.08,108.48,96.1775,"7,504,106.00","441,082.00","14,566,845.00","718,990.00","5,807,755.75"
28-Oct-21,108.03,98.58,68.57,108,95.795,"7,504,106.00","441,082.00","14,592,045.00","718,990.00","5,814,055.75"
29-Oct-21,107.93,98.71,68.24,106.41,95.3225,"7,504,106.00","441,082.00","14,608,845.00","720,090.00","5,818,530.75"
1-Nov-21,106.37,98.52,67.6,106.55,94.76,"7,509,906.00","441,082.00","14,608,845.00","720,090.00","5,819,980.75"
2-Nov-21,107.34,98.06,67.91,108.9,95.5525,"7,509,906.00","451,082.00","14,617,245.00","720,090.00","5,824,580.75"
3-Nov-21,107.4,98.13,68.28,107.58,95.3475,"7,509,906.00","451,082.00","14,634,045.00","720,090.00","5,828,780.75"
4-Nov-21,108,98.06,68.57,108.07,95.675,"7,504,106.00","451,082.00","14,650,845.00","720,090.00","5,831,530.75"
5-Nov-21,108.24,98.7,68.67,107.84,95.8625,"7,504,106.00","451,082.00","14,659,245.00","720,090.00","5,833,630.75"
8-Nov-21,107.31,99.26,68.52,107.91,95.75,"7,504,106.00","451,082.00","14,659,245.00","625,490.00","5,809,980.75"
9-Nov-21,108.09,99.42,69.04,107.86,96.1025,"7,504,106.00","451,082.00","13,894,845.00","625,490.00","5,618,880.75"
10-Nov-21,108.44,99.51,69.23,106.19,95.8425,"7,509,906.00","451,082.00","13,886,445.00","625,490.00","5,618,230.75"
11-Nov-21,108.45,98.81,69.08,108.2,96.135,"7,509,906.00","451,082.00","13,869,645.00","625,490.00","5,614,030.75"
12-Nov-21,111.17,98.16,70.74,109.49,97.39,"7,509,906.00","451,082.00","13,878,045.00","625,490.00","5,616,130.75"
15-Nov-21,111.29,98.27,70.82,109.09,97.3675,"7,504,106.00","461,082.00","13,861,245.00","625,490.00","5,612,980.75"
16-Nov-21,110.95,98.19,70.22,109.51,97.2175,"7,504,106.00","461,082.00","13,861,245.00","615,590.00","5,610,505.75"
17-Nov-21,112.22,98.09,70.73,108.74,97.445,"7,504,106.00","461,082.00","13,861,245.00","615,590.00","5,610,505.75"
18-Nov-21,112.07,97.69,70.77,108.37,97.225,"7,498,306.00","461,082.00","13,861,245.00","615,590.00","5,609,055.75"
19-Nov-21,110.73,97.89,70.07,108.72,96.8525,"7,504,106.00","461,082.00","13,861,245.00","615,590.00","5,610,505.75"
22-Nov-21,110.87,98.17,70.01,111.02,97.5175,"7,498,306.00","461,082.00","13,861,245.00","615,590.00","5,609,055.75"
23-Nov-21,110.79,97.49,69.5,110.61,97.0975,"7,498,306.00","461,082.00","13,861,245.00","615,590.00","5,609,055.75"
24-Nov-21,110.24,96.69,69.71,110.72,96.84,"7,492,506.00","461,082.00","13,861,245.00","615,590.00","5,607,605.75"
25-Nov-21,110.46,96.57,69.87,110.76,96.915,"7,492,506.00","461,082.00","13,869,645.00","615,590.00","5,609,705.75"
26-Nov-21,110.5,96.56,69.9,106.89,95.9625,"7,492,506.00","431,082.00","13,886,445.00","615,590.00","5,606,405.75"
29-Nov-21,108.13,95.26,68.15,107.91,94.8625,"7,492,506.00","431,082.00","13,886,445.00","615,590.00","5,606,405.75"
30-Nov-21,108.6,96.23,68.51,107.39,95.1825,"7,492,506.00","431,082.00","13,920,045.00","615,590.00","5,614,805.75"
1-Dec-21,107.88,96.2,68.69,108.82,95.3975,"7,492,506.00","431,082.00","13,953,645.00","660,690.00","5,634,480.75"
2-Dec-21,108.31,97.09,68.42,112.02,96.46,"7,492,506.00","431,082.00","13,953,645.00","660,690.00","5,634,480.75"
3-Dec-21,110.01,97.22,69.73,112.76,97.43,"7,515,706.00","431,082.00","13,953,645.00","660,690.00","5,640,280.75"
6-Dec-21,108.82,97.53,69.53,113.86,97.435,"7,515,706.00","431,082.00","13,953,645.00","660,690.00","5,640,280.75"
7-Dec-21,110.53,97.83,69.77,114.49,98.155,"7,515,706.00","441,082.00","13,953,645.00","660,690.00","5,642,780.75"
8-Dec-21,111.02,98.23,70.17,114.07,98.3725,"7,538,906.00","441,082.00","13,953,645.00","660,690.00","5,648,580.75"
9-Dec-21,110.56,97.87,69.99,113.68,98.025,"7,486,706.00","441,082.00","13,953,645.00","451,690.00","5,583,280.75"
10-Dec-21,110.05,98.09,69.86,113.23,97.8075,"7,486,706.00","441,082.00","13,953,645.00","451,690.00","5,583,280.75"
13-Dec-21,109.55,98.25,69.65,112.3,97.4375,"7,492,506.00","441,082.00","13,962,045.00","419,790.00","5,578,855.75"
14-Dec-21,108.61,98.34,68.95,111.76,96.915,"7,457,706.00","441,082.00","13,945,245.00","419,790.00","5,565,955.75"
15-Dec-21,108.63,98.27,68.77,113.1,97.1925,"7,457,706.00","441,082.00","13,953,645.00","419,790.00","5,568,055.75"
16-Dec-21,107.87,97.59,68.51,111.41,96.345,"7,457,706.00","441,082.00","13,953,645.00","419,790.00","5,568,055.75"
17-Dec-21,106.35,97.97,67.96,112.48,96.19,"7,463,506.00","441,082.00","13,953,645.00","419,790.00","5,569,505.75"
20-Dec-21,106.54,97.83,67.99,110.99,95.8375,"7,469,306.00","441,082.00","13,970,445.00","419,790.00","5,575,155.75"
21-Dec-21,105.4,96.96,67.4,111.79,95.3875,"7,475,106.00","441,082.00","13,995,645.00","419,790.00","5,582,905.75"
22-Dec-21,106.58,97.05,67.44,111.48,95.6375,"7,480,838.00","441,082.00","14,033,869.00","419,790.00","5,593,894.75"
23-Dec-21,105.75,97.52,67.1,111.39,95.44,"7,492,438.00","441,082.00","14,042,269.00","419,790.00","5,598,894.75"
24-Dec-21,105.9,97.59,67.09,111.48,95.515,"7,498,238.00","441,082.00","14,050,669.00","419,790.00","5,602,444.75"
29-Dec-21,105.98,97.61,67.14,111.24,95.4925,"7,485,417.00","441,082.00","14,045,932.00","419,790.00","5,598,055.25"
30-Dec-21,104.47,97.84,66.69,110.34,94.835,"7,485,417.00","441,082.00","14,045,932.00","419,790.00","5,598,055.25"
31-Dec-21,106.3,98.13,67.51,109.69,95.4075,"7,491,217.00","441,082.00","14,062,732.00","419,790.00","5,603,705.25"
4-Jan-22,105.16,98.33,67.03,109.8,95.08,"7,502,817.00","441,082.00","14,062,732.00","420,890.00","5,606,880.25"
5-Jan-22,106.06,97.2,67.51,107.32,94.5225,"7,502,817.00","441,082.00","14,079,532.00","420,890.00","5,611,080.25"
6-Jan-22,103.6,96.96,66.19,108.15,93.725,"7,508,617.00","441,082.00","14,096,332.00","420,890.00","5,616,730.25"
7-Jan-22,105.99,95.97,67.52,110.81,95.0725,"7,520,217.00","441,082.00","14,104,732.00","420,890.00","5,621,730.25"
10-Jan-22,107.18,95.66,68.07,109.14,95.0125,"7,531,817.00","441,082.00","14,138,332.00","420,890.00","5,633,030.25"
11-Jan-22,106.96,95.35,68.11,111.54,95.49,"7,537,617.00","441,082.00","14,138,332.00","421,990.00","5,634,755.25"
12-Jan-22,109.7,95.62,69.48,112.38,96.795,"7,537,617.00","441,082.00","14,129,932.00","421,990.00","5,632,655.25"
13-Jan-22,110.48,95.67,69.79,109.94,96.47,"7,537,617.00","441,082.00","14,129,932.00","421,990.00","5,632,655.25"
14-Jan-22,108.31,95.46,68.52,109.44,95.4325,"7,537,617.00","441,082.00","14,138,332.00","421,990.00","5,634,755.25"
17-Jan-22,109.6,94.81,69.13,109.76,95.825,"7,537,617.00","441,082.00","14,138,332.00","423,090.00","5,635,030.25"
18-Jan-22,109.93,94.31,69.33,106.85,95.105,"7,543,417.00","421,082.00","14,146,732.00","423,090.00","5,633,580.25"
19-Jan-22,107.79,93.52,68.32,107.56,94.2975,"7,543,417.00","391,082.00","14,146,732.00","423,090.00","5,626,080.25"
20-Jan-22,107.79,94.47,68.29,106.29,94.21,"7,543,417.00","391,082.00","14,155,132.00","423,090.00","5,628,180.25"
21-Jan-22,108.63,94.97,68.21,106.03,94.46,"7,549,217.00","391,082.00","14,163,532.00","423,090.00","5,631,730.25"
24-Jan-22,107.71,95.19,67.92,105.32,94.035,"7,549,217.00","391,082.00","14,163,532.00","423,090.00","5,631,730.25"
25-Jan-22,108.48,94.3,67.82,103.34,93.485,"7,555,017.00","391,082.00","14,163,532.00","423,090.00","5,633,180.25"
27-Jan-22,107.38,94.33,67.39,100.52,92.405,"7,555,017.00","391,082.00","14,163,532.00","423,090.00","5,633,180.25"
28-Jan-22,104.99,94.7,66.58,103.38,92.4125,"7,555,017.00","391,082.00","14,163,532.00","423,090.00","5,633,180.25"
31-Jan-22,106.15,94.59,67.45,105.23,93.355,"7,555,017.00","391,082.00","14,163,532.00","423,090.00","5,633,180.25"
1-Feb-22,109.71,94.52,69.15,105.08,94.615,"7,555,017.00","661,082.00","14,566,732.00","424,190.00","5,801,755.25"
2-Feb-22,109.24,94.82,68.9,105.68,94.66,"7,555,017.00","661,082.00","14,575,132.00","424,190.00","5,803,855.25"
3-Feb-22,109.12,95.2,68.69,103.11,94.03,"7,555,017.00","661,082.00","14,575,132.00","424,190.00","5,803,855.25"
4-Feb-22,107.19,94.81,67.73,105.52,93.8125,"7,555,017.00","661,082.00","14,575,132.00","424,190.00","5,803,855.25"
7-Feb-22,109.46,94.25,68.78,104.99,94.37,"7,555,017.00","661,082.00","14,591,932.00","424,190.00","5,808,055.25"
8-Feb-22,107.98,94.1,68.07,105.16,93.8275,"7,555,017.00","661,082.00","14,600,332.00","424,190.00","5,810,155.25"
9-Feb-22,108.47,93.75,68.62,106.26,94.275,"7,555,017.00","661,082.00","14,608,732.00","425,290.00","5,812,530.25"
10-Feb-22,109.72,94.23,69.19,104.23,94.3425,"7,555,017.00","661,082.00","14,617,132.00","425,290.00","5,814,630.25"
11-Feb-22,107.77,93.76,68.21,104.04,93.445,"7,555,017.00","661,082.00","14,617,132.00","425,290.00","5,814,630.25"
14-Feb-22,107.3,92.96,67.74,103.95,92.9875,"7,555,017.00","661,082.00","14,617,132.00","425,290.00","5,814,630.25"
15-Feb-22,107.43,92.76,67.82,104.43,93.11,"7,555,017.00","661,082.00","14,617,132.00","425,290.00","5,814,630.25"
16-Feb-22,108.73,93.3,69.06,105.25,94.085,"7,555,017.00","661,082.00","14,617,132.00","425,290.00","5,814,630.25"
17-Feb-22,109.09,93.28,69.28,104,93.9125,"7,555,017.00","661,082.00","14,617,132.00","425,290.00","5,814,630.25"
18-Feb-22,107.42,93.16,68.21,104.15,93.235,"7,555,017.00","661,082.00","14,617,132.00","426,390.00","5,814,905.25"
21-Feb-22,105.81,92.95,67.74,103.6,92.525,"7,555,017.00","661,082.00","14,617,132.00","759,690.00","5,898,230.25"
22-Feb-22,105.26,92.15,67.38,103.13,91.98,"7,555,017.00","731,082.00","14,667,532.00","759,690.00","5,928,330.25"
23-Feb-22,102.94,92.36,66.31,101.59,90.8,"7,555,017.00","731,082.00","14,667,532.00","760,790.00","5,928,605.25"
24-Feb-22,101.22,91.31,65.41,101.89,89.9575,"7,555,017.00","731,082.00","14,667,532.00","765,190.00","5,929,705.25"
25-Feb-22,101.66,87.07,65.32,102.98,89.2575,"7,555,017.00","731,082.00","14,667,532.00","765,190.00","5,929,705.25"
28-Feb-22,100.92,89.76,65.36,102.2,89.56,"7,555,017.00","741,082.00","14,675,932.00","765,190.00","5,934,305.25"
1-Mar-22,99.61,88.23,64.24,100.86,88.235,"7,555,017.00","741,082.00","14,701,132.00","765,190.00","5,940,605.25"
2-Mar-22,98.73,87.69,63.39,101.03,87.71,"7,566,617.00","741,082.00","14,709,532.00","765,190.00","5,945,605.25"
3-Mar-22,98.69,88.72,63.55,100.78,87.935,"7,566,617.00","741,082.00","15,205,132.00","765,190.00","6,069,505.25"
4-Mar-22,96.6,87.57,62.08,97.54,85.9475,"7,566,617.00","741,082.00","15,213,532.00","765,190.00","6,071,605.25"
7-Mar-22,93.51,86.33,60.58,93.79,83.5525,"7,566,617.00","741,082.00","15,238,732.00","765,190.00","6,077,905.25"
8-Mar-22,90.03,85.54,58.48,95.28,82.3325,"7,566,617.00","731,082.00","15,247,132.00","765,190.00","6,077,505.25"
9-Mar-22,90.9,85.47,59.17,98.33,83.4675,"7,566,617.00","731,082.00","15,247,132.00","765,190.00","6,077,505.25"
10-Mar-22,92.71,86.99,60.4,94.82,83.73,"7,566,617.00","731,082.00","15,213,532.00","765,190.00","6,069,105.25"
11-Mar-22,89.44,86.59,58.95,93.91,82.2225,"7,578,217.00","731,082.00","15,213,532.00","765,190.00","6,072,005.25"
14-Mar-22,87.7,86.64,58.04,94.69,81.7675,"7,584,017.00","731,082.00","15,087,532.00","766,290.00","6,042,230.25"
15-Mar-22,85.9,86.18,57.35,96.17,81.4,"7,607,217.00","731,082.00","15,087,532.00","766,290.00","6,048,030.25"
16-Mar-22,86.54,86.37,57.67,99.59,82.5425,"7,630,417.00","731,082.00","15,129,532.00","766,290.00","6,064,330.25"
17-Mar-22,95.88,87.47,61.81,98.6,85.94,"7,647,817.00","731,082.00","15,129,532.00","767,390.00","6,068,955.25"
18-Mar-22,93.13,88.82,60.38,98.94,85.3175,"7,653,617.00","731,082.00","15,129,532.00","767,390.00","6,070,405.25"
21-Mar-22,95,88.45,61.13,96.67,85.3125,"7,653,617.00","731,082.00","15,129,532.00","767,390.00","6,070,405.25"
22-Mar-22,92.11,87.64,60.06,98.06,84.4675,"7,659,417.00","731,082.00","15,137,932.00","767,390.00","6,073,955.25"
23-Mar-22,94.43,86.95,60.98,96.34,84.675,"7,659,417.00","731,082.00","15,137,932.00","767,390.00","6,073,955.25"
24-Mar-22,92.92,87.01,60.11,96.85,84.2225,"7,659,417.00","731,082.00","15,146,332.00","767,390.00","6,076,055.25"
25-Mar-22,92.74,87.07,60.37,95.82,84,"7,659,417.00","731,082.00","15,146,332.00","767,390.00","6,076,055.25"
28-Mar-22,91.76,86.92,59.92,97.08,83.92,"7,665,217.00","731,082.00","15,146,332.00","767,390.00","6,077,505.25"
29-Mar-22,92.75,87.53,60.3,98.96,84.885,"7,676,817.00","741,082.00","15,154,732.00","768,490.00","6,085,280.25"
30-Mar-22,94.23,88.69,61.12,97.38,85.355,"7,676,817.00","741,082.00","15,163,132.00","770,690.00","6,087,930.25"
31-Mar-22,93.24,88.9,60.77,97.15,85.015,"7,688,417.00","741,082.00","15,179,932.00","770,690.00","6,095,030.25"
1-Apr-22,91.27,88.82,59.99,97.11,84.2975,"7,688,417.00","741,082.00","15,179,932.00","771,790.00","6,095,305.25"
4-Apr-22,92.69,87.88,61.13,97.78,84.87,"7,688,417.00","742,234.00","15,179,932.00","771,790.00","6,095,593.25"
5-Apr-22,94.32,88.25,61.76,95.19,84.88,"7,700,017.00","742,234.00","15,179,932.00","771,790.00","6,098,493.25"
6-Apr-22,91.28,87.72,60,95.12,83.53,"7,705,817.00","742,234.00","15,188,332.00","772,890.00","6,102,318.25"
7-Apr-22,90.66,86.68,59.91,95.3,83.1375,"7,705,817.00","741,182.00","15,196,732.00","773,990.00","6,104,430.25"
8-Apr-22,90.39,86.29,59.92,94.7,82.825,"7,711,617.00","751,182.00","15,205,132.00","775,090.00","6,110,755.25"
11-Apr-22,90.19,86.05,60.15,94.28,82.6675,"7,711,617.00","751,182.00","15,230,332.00","777,290.00","6,117,605.25"
12-Apr-22,88.94,84.89,59.59,93.78,81.8,"7,729,017.00","751,182.00","15,238,732.00","778,390.00","6,124,330.25"
13-Apr-22,88.08,85.26,58.97,97.08,82.3475,"7,734,817.00","751,182.00","15,255,532.00","779,490.00","6,130,255.25"
14-Apr-22,90.86,85.4,60.32,94.95,82.8825,"7,734,817.00","751,182.00","15,255,532.00","779,490.00","6,130,255.25"
19-Apr-22,89.06,84.67,59.53,96.09,82.3375,"7,763,817.00","751,182.00","15,272,332.00","779,490.00","6,141,705.25"
20-Apr-22,88.75,84.28,59.36,95.59,81.995,"7,769,617.00","731,182.00","15,272,332.00","779,490.00","6,138,155.25"
21-Apr-22,87.18,84.44,58.36,94.59,81.1425,"7,769,617.00","731,182.00","15,272,332.00","781,690.00","6,138,705.25"
22-Apr-22,85.57,83.99,57.68,95.3,80.635,"7,763,817.00","741,182.00","15,297,532.00","781,690.00","6,146,055.25"
26-Apr-22,87.04,83.35,58.29,93.25,80.4825,"7,763,817.00","741,182.00","15,373,132.00","781,690.00","6,164,955.25"
27-Apr-22,85.68,83.36,57.41,93.97,80.105,"7,763,817.00","741,182.00","15,389,932.00","781,690.00","6,169,155.25"
28-Apr-22,87.12,82.9,58.45,96.05,81.13,"7,763,817.00","741,182.00","15,389,932.00","783,890.00","6,169,705.25"
29-Apr-22,88.94,82.49,59.55,96.04,81.755,"7,769,617.00","741,182.00","15,389,932.00","783,890.00","6,171,155.25"
2-May-22,90.53,82.07,59.51,97.17,82.32,"7,769,617.00","741,182.00","15,389,932.00","784,990.00","6,171,430.25"
3-May-22,91.6,82.07,59.93,96.79,82.5975,"7,781,217.00","741,182.00","15,364,732.00","784,990.00","6,168,030.25"
4-May-22,91.63,81.71,59.93,97.99,82.815,"7,781,217.00","741,182.00","15,373,132.00","784,990.00","6,170,130.25"
5-May-22,91.9,81.63,60.25,94.57,82.0875,"7,787,017.00","741,182.00","15,373,132.00","784,990.00","6,171,580.25"
6-May-22,87.98,81.33,58.05,95.38,80.685,"7,787,017.00","741,182.00","15,381,532.00","784,990.00","6,173,680.25"
9-May-22,86.82,80.86,57.51,93.91,79.775,"7,787,017.00","741,182.00","15,381,532.00","786,090.00","6,173,955.25"
10-May-22,85.22,79.72,56.83,94.89,79.165,"7,787,017.00","481,182.00","15,541,132.00","786,090.00","6,148,855.25"
11-May-22,86.67,80.22,57.42,93.16,79.3675,"7,787,017.00","481,182.00","15,574,732.00","786,090.00","6,157,255.25"
12-May-22,85.56,80.56,56.6,93.37,79.0225,"7,787,017.00","481,182.00","15,574,732.00","786,090.00","6,157,255.25"
13-May-22,86.68,80.45,57.18,97.05,80.34,"7,787,017.00","481,182.00","15,566,332.00","786,090.00","6,155,155.25"
16-May-22,89.47,80.83,58.45,95.62,81.0925,"7,787,017.00","481,182.00","15,566,332.00","786,090.00","6,155,155.25"
17-May-22,88.52,80.38,58.02,97.16,81.02,"7,792,817.00","491,182.00","15,566,332.00","786,090.00","6,159,105.25"
18-May-22,90.43,80.33,58.86,93.83,80.8625,"7,787,017.00","491,182.00","15,574,732.00","786,090.00","6,159,755.25"
19-May-22,87.66,80.01,57.4,95.08,80.0375,"7,781,217.00","491,182.00","15,574,732.00","786,090.00","6,158,305.25"
20-May-22,88.64,80.21,57.95,96.35,80.7875,"7,781,217.00","491,182.00","15,574,732.00","786,090.00","6,158,305.25"
23-May-22,89.14,80.33,58.41,96.83,81.1775,"7,781,217.00","501,182.00","15,574,732.00","786,090.00","6,160,805.25"
24-May-22,88.55,80.81,58.24,95.78,80.845,"7,781,217.00","501,182.00","15,574,732.00","786,090.00","6,160,805.25"
25-May-22,86.59,81.04,57.48,95.59,80.175,"7,781,217.00","501,182.00","15,583,132.00","786,090.00","6,162,905.25"
26-May-22,87.26,81.66,57.75,96.35,80.755,"7,775,417.00","501,182.00","15,583,132.00","786,090.00","6,161,455.25"
27-May-22,88.98,82.15,58.61,96.83,81.6425,"7,775,417.00","501,182.00","15,583,132.00","786,090.00","6,161,455.25"
30-May-22,89.8,82.78,58.67,96.22,81.8675,"7,769,617.00","501,182.00","15,599,932.00","786,090.00","6,164,205.25"
31-May-22,89.23,82.73,58.31,97.14,81.8525,"7,769,617.00","501,182.00","15,734,332.00","786,090.00","6,197,805.25"
1-Jun-22,91.37,82.18,59.31,96.34,82.3,"7,769,617.00","501,182.00","15,734,332.00","786,090.00","6,197,805.25"
2-Jun-22,90.53,81.71,58.78,97.13,82.0375,"7,763,817.00","501,182.00","15,835,132.00","786,090.00","6,221,555.25"
3-Jun-22,91.85,81.7,59.4,94.99,81.985,"7,758,017.00","531,182.00","15,028,732.00","786,090.00","6,026,005.25"
6-Jun-22,89.98,81.7,58.5,94.88,81.265,"7,758,017.00","531,182.00","15,037,132.00","786,090.00","6,028,105.25"
7-Jun-22,91.32,81.38,58.87,94.35,81.48,"7,752,217.00","531,182.00","15,037,132.00","786,090.00","6,026,655.25"
8-Jun-22,92,81.6,59.06,93.81,81.6175,"7,746,417.00","531,182.00","15,037,132.00","786,090.00","6,025,205.25"
9-Jun-22,93.96,81.28,59.45,93.15,81.96,"7,746,417.00","531,182.00","15,045,532.00","786,090.00","6,027,305.25"
10-Jun-22,92.25,80.53,58.7,91.73,80.8025,"7,740,617.00","531,182.00","15,053,932.00","786,090.00","6,027,955.25"
14-Jun-22,92.25,79.29,58.66,90.69,80.2225,"7,734,817.00","531,182.00","14,180,332.00","786,090.00","5,808,105.25"
15-Jun-22,92.34,76.66,58.76,90.05,79.4525,"7,734,817.00","531,182.00","14,180,332.00","786,090.00","5,808,105.25"
16-Jun-22,92.74,77.47,59.07,87.17,79.1125,"7,723,217.00","481,182.00","14,180,332.00","786,090.00","5,792,705.25"
17-Jun-22,89.41,77.01,57.1,88.57,78.0225,"7,717,417.00","481,182.00","14,180,332.00","786,090.00","5,791,255.25"
20-Jun-22,90.82,77.47,57.78,87.74,78.4525,"7,711,617.00","481,182.00","14,180,332.00","786,090.00","5,789,805.25"
21-Jun-22,89.96,77.3,57.23,87.29,77.945,"7,711,617.00","481,182.00","14,171,932.00","786,090.00","5,787,705.25"
22-Jun-22,91.18,77.72,57.99,85.28,78.0425,"7,711,617.00","481,182.00","14,171,932.00","786,090.00","5,787,705.25"
23-Jun-22,90.06,77.54,57.33,84.75,77.42,"7,705,817.00","481,182.00","14,163,532.00","786,090.00","5,784,155.25"
24-Jun-22,90.57,77.8,57.73,87.78,78.47,"7,700,017.00","481,182.00","14,171,932.00","786,090.00","5,784,805.25"
27-Jun-22,92.61,78.16,58.86,87.8,79.3575,"7,694,217.00","481,182.00","14,171,932.00","786,090.00","5,783,355.25"
28-Jun-22,92.95,77.4,58.96,87.4,79.1775,"7,682,617.00","481,182.00","14,171,932.00","786,090.00","5,780,455.25"
29-Jun-22,92.41,76.42,58.77,86.61,78.5525,"7,676,817.00","481,182.00","14,180,332.00","786,090.00","5,781,105.25"
30-Jun-22,92.55,76.4,58.91,86.67,78.6325,"7,671,017.00","481,182.00","14,188,732.00","786,090.00","5,781,755.25"
